-----------Eliminacion de Objetos----------
    DROP TABLE ESSALUD;
    DROP TABLE USU;
    DROP TABLE PERFIL;
    DROP TABLE CITAS;
    DROP TABLE PROG_MEDIC; 
    DROP TABLE AFILIADOS;	
    DROP TABLE MEDICOS;       
	DROP VIEW CITASDES;
-------------------------------------------

----Tabla ESSALUD------------------
    CREATE TABLE ESSALUD(
        HI_NREG CHAR (5) NOT NULL PRIMARY KEY,
        HI_AUTASE VARCHAR2(20),
        HI_NOMBRE VARCHAR2(200),
        HI_FECNAC DATE,
        HI_DIRECC VARCHAR2(500),
        HI_FULTAT DATE,
        HI_NDOCUM NUMBER,
        HI_ESTCIV VARCHAR(1),
        HI_AMCTLPR NUMBER
    );
-------------------------------------------------------

----Tabla PERFIL---------------------------------------
    CREATE TABLE PERFIL(
        ID_PERFIL NUMBER not null primary key,
        DES_PERFIL VARCHAR2(15)
    );
-------------------------------------------------------


-------TABLA USUARIO-----------------------------------
    CREATE TABLE USU(
        ID_USU CHAR(5) not null primary key,
        NOMBRE VARCHAR2(50),
        CONTRA VARCHAR2(20),
        ID_PERFIL NUMBER
    );
-------------------------------------------------------

-------------Tabla Medicos-----------------------------
    CREATE TABLE MEDICOS(
        ID_MEDICO CHAR(5) NOT NULL PRIMARY KEY,
        NOM_MEDICO VARCHAR2(50),
        ESPE_MEDICO VARCHAR2(50)
    );
-------------------------------------------------------

--------------Tabla PROG_MEDIC-------------------------
    CREATE TABLE PROG_MEDIC(
        FECHA DATE,
        H_INICIO_1 TIMESTAMP,
        H_FIN_1 TIMESTAMP,
        H_INICIO_2 TIMESTAMP,
        H_FIN_2 TIMESTAMP,
        ID_MEDICO CHAR(5),
        CUPO_DISP NUMBER,
        ESTADO VARCHAR2(15)
    );
-------------------------------------------------------

-------------Tabla AFILIADOS----------------------------
    CREATE TABLE AFILIADOS(
        HI_NDOCUM NUMBER NOT NULL PRIMARY KEY,
        HI_CONTRA VARCHAR2(50)
    );
--------------------------------------------------------

--------------CITAS-------------------------------------

	create table CITAS(
		CODCITAS char(6) not null primary key,
		HI_NDOCUM NUMBER,
		ID_MEDICO CHAR(5),
		visible CHAR(1)
	);

---------------------------------------------------------

---------------VIEW CITAS-----------------------------------

	create view CITASDES AS
	SELECT CITAS.CODCITAS, CITAS.HI_NDOCUM, ESSALUD.HI_NOMBRE,MEDICOS.ID_MEDICO,MEDICOS.NOM_MEDICO, MEDICOS.ESPE_MEDICO,PROG_MEDIC.FECHA, CITAS.VISIBLE FROM CITAS 
	INNER JOIN ESSALUD ON CITAS.HI_NDOCUM= ESSALUD.HI_NDOCUM
	INNER JOIN MEDICOS ON CITAS.ID_MEDICO = MEDICOS.ID_MEDICO
	INNER JOIN PROG_MEDIC ON MEDICOS.ID_MEDICO = PROG_MEDIC.ID_MEDICO;

------------------------------------------------------------

----------------Creando fk--------------------------------
    ALTER TABLE USU
    ADD FOREIGN KEY (ID_PERFIL) 
    REFERENCES PERFIL(ID_PERFIL);
    
    ALTER TABLE ESSALUD
    ADD FOREIGN KEY (HI_NDOCUM) 
    REFERENCES AFILIADOS(HI_NDOCUM);
		
	
	ALTER TABLE CITAS
	ADD FOREIGN KEY(HI_NDOCUM)
	REFERENCES AFILIADOS (HI_NDOCUM);
	
	ALTER TABLE CITAS
	ADD FOREIGN KEY(ID_MEDICO)
	REFERENCES MEDICOS (ID_MEDICO);

    ALTER TABLE PROG_MEDIC
    ADD FOREIGN KEY(ID_MEDICO)
    REFERENCES MEDICOS(ID_MEDICO);
       
------------------.........-------------------------------

---------Insertar AFILIADOS-------------------------------
INSERT INTO AFILIADOS (HI_NDOCUM, HI_CONTRA) 
VALUES (6945114.0, '0694FLOR');

INSERT INTO AFILIADOS (HI_NDOCUM, HI_CONTRA) 
VALUES (1.021786E7, '1021ACEV');

INSERT INTO AFILIADOS (HI_NDOCUM, HI_CONTRA) 
VALUES (6829384.0, '0682BOCA');

INSERT INTO AFILIADOS (HI_NDOCUM, HI_CONTRA) 
VALUES (6712428.0, '0671QUIS');

INSERT INTO AFILIADOS (HI_NDOCUM, HI_CONTRA) 
VALUES (6818135.0, '0681BENI');

INSERT INTO AFILIADOS (HI_NDOCUM, HI_CONTRA) 
VALUES (1.5689782E7, '1568MEND');

INSERT INTO AFILIADOS (HI_NDOCUM, HI_CONTRA) 
VALUES (1.0404615E7, '1040SOTO');

INSERT INTO AFILIADOS (HI_NDOCUM, HI_CONTRA) 
VALUES (9168555.0, '0916ROJA');

INSERT INTO AFILIADOS (HI_NDOCUM, HI_CONTRA) 
VALUES (6829707.0, '0682ARAN');

INSERT INTO AFILIADOS (HI_NDOCUM, HI_CONTRA) 
VALUES (6819240.0, '0681ESTR');

INSERT INTO AFILIADOS (HI_NDOCUM, HI_CONTRA) 
VALUES (1.0403213E7, '1040QUIR');

INSERT INTO AFILIADOS (HI_NDOCUM, HI_CONTRA) 
VALUES (6825132.0, '0682FALC');

INSERT INTO AFILIADOS (HI_NDOCUM, HI_CONTRA) 
VALUES (6825612.0, '0682GARC');

INSERT INTO AFILIADOS (HI_NDOCUM, HI_CONTRA) 
VALUES (9169506.0, '0916HUAM');

INSERT INTO AFILIADOS (HI_NDOCUM, HI_CONTRA) 
VALUES (8531967.0, '0853CECI');

INSERT INTO AFILIADOS (HI_NDOCUM, HI_CONTRA) 
VALUES (6819242.0, '0681QUIS');

INSERT INTO AFILIADOS (HI_NDOCUM, HI_CONTRA) 
VALUES (6822661.0, '0682JURA');

INSERT INTO AFILIADOS (HI_NDOCUM, HI_CONTRA) 
VALUES (3.1828031E7, '3182OSTO');

INSERT INTO AFILIADOS (HI_NDOCUM, HI_CONTRA) 
VALUES (9168507.0, '0916VILL');

INSERT INTO AFILIADOS (HI_NDOCUM, HI_CONTRA) 
VALUES (6820542.0, '0682CAMP');

INSERT INTO AFILIADOS (HI_NDOCUM, HI_CONTRA) 
VALUES (9227461.0, '0922MUÑO');

INSERT INTO AFILIADOS (HI_NDOCUM, HI_CONTRA) 
VALUES (6823574.0, '0682CRUZ');

INSERT INTO AFILIADOS (HI_NDOCUM, HI_CONTRA) 
VALUES (6825293.0, '0682RAMI');

INSERT INTO AFILIADOS (HI_NDOCUM, HI_CONTRA) 
VALUES (6836286.0, '0683JHON');

INSERT INTO AFILIADOS (HI_NDOCUM, HI_CONTRA) 
VALUES (6827259.0, '0682GOME');

INSERT INTO AFILIADOS (HI_NDOCUM, HI_CONTRA) 
VALUES (6821377.0, '0682MONT');

INSERT INTO AFILIADOS (HI_NDOCUM, HI_CONTRA) 
VALUES (6830946.0, '0683TAPI');

INSERT INTO AFILIADOS (HI_NDOCUM, HI_CONTRA) 
VALUES (6829605.0, '0682PATI');

INSERT INTO AFILIADOS (HI_NDOCUM, HI_CONTRA) 
VALUES (9168129.0, '0916PENQ');

INSERT INTO AFILIADOS (HI_NDOCUM, HI_CONTRA) 
VALUES (6822339.0, '0682CARR');

INSERT INTO AFILIADOS (HI_NDOCUM, HI_CONTRA) 
VALUES (7145254.0, '0714GUZM');

INSERT INTO AFILIADOS (HI_NDOCUM, HI_CONTRA) 
VALUES (6846704.0, '0684FERN');

INSERT INTO AFILIADOS (HI_NDOCUM, HI_CONTRA) 
VALUES (6827019.0, '0682MEDI');

INSERT INTO AFILIADOS (HI_NDOCUM, HI_CONTRA) 
VALUES (9228418.0, '0922QUIR');

INSERT INTO AFILIADOS (HI_NDOCUM, HI_CONTRA) 
VALUES (9173454.0, '0917ECHE');

INSERT INTO AFILIADOS (HI_NDOCUM, HI_CONTRA) 
VALUES (6827160.0, '0682CHAV');

INSERT INTO AFILIADOS (HI_NDOCUM, HI_CONTRA) 
VALUES (6824819.0, '0682SILV');

INSERT INTO AFILIADOS (HI_NDOCUM, HI_CONTRA) 
VALUES (6824680.0, '0682CARB');

INSERT INTO AFILIADOS (HI_NDOCUM, HI_CONTRA) 
VALUES (6826119.0, '0682SAAV');

INSERT INTO AFILIADOS (HI_NDOCUM, HI_CONTRA) 
VALUES (6825111.0, '0682PESA');

INSERT INTO AFILIADOS (HI_NDOCUM, HI_CONTRA) 
VALUES (6825792.0, '0682SANC');

INSERT INTO AFILIADOS (HI_NDOCUM, HI_CONTRA) 
VALUES (6834832.0, '0683LOZA');

INSERT INTO AFILIADOS (HI_NDOCUM, HI_CONTRA) 
VALUES (9170371.0, '0917ALVA');

INSERT INTO AFILIADOS (HI_NDOCUM, HI_CONTRA) 
VALUES (6824068.0, '0682SILV');

INSERT INTO AFILIADOS (HI_NDOCUM, HI_CONTRA) 
VALUES (6825750.0, '0682ECHE');

INSERT INTO AFILIADOS (HI_NDOCUM, HI_CONTRA) 
VALUES (6818434.0, '0681LOBA');

INSERT INTO AFILIADOS (HI_NDOCUM, HI_CONTRA) 
VALUES (6819279.0, '0681TARA');

INSERT INTO AFILIADOS (HI_NDOCUM, HI_CONTRA) 
VALUES (8600963.0, '0860ESPI');

INSERT INTO AFILIADOS (HI_NDOCUM, HI_CONTRA) 
VALUES (6819775.0, '0681OLIV');

INSERT INTO AFILIADOS (HI_NDOCUM, HI_CONTRA) 
VALUES (6821890.0, '0682TORR');

INSERT INTO AFILIADOS (HI_NDOCUM, HI_CONTRA) 
VALUES (1.040188E7, '1040COCH');

INSERT INTO AFILIADOS (HI_NDOCUM, HI_CONTRA) 
VALUES (1.0216352E7, '1021COCH');

INSERT INTO AFILIADOS (HI_NDOCUM, HI_CONTRA) 
VALUES (1.0402885E7, '1040BAZA');

INSERT INTO AFILIADOS (HI_NDOCUM, HI_CONTRA) 
VALUES (1.0402886E7, '1040LIMA');

INSERT INTO AFILIADOS (HI_NDOCUM, HI_CONTRA) 
VALUES (6822330.0, '0682ALAR');

INSERT INTO AFILIADOS (HI_NDOCUM, HI_CONTRA) 
VALUES (9552299.0, '0955ROME');

INSERT INTO AFILIADOS (HI_NDOCUM, HI_CONTRA) 
VALUES (6821147.0, '0682PONC');

INSERT INTO AFILIADOS (HI_NDOCUM, HI_CONTRA) 
VALUES (6824292.0, '0682RAMO');

INSERT INTO AFILIADOS (HI_NDOCUM, HI_CONTRA) 
VALUES (6824627.0, '0682ARAN');

INSERT INTO AFILIADOS (HI_NDOCUM, HI_CONTRA) 
VALUES (6822154.0, '0682RICR');

INSERT INTO AFILIADOS (HI_NDOCUM, HI_CONTRA) 
VALUES (6822253.0, '0682CARB');

INSERT INTO AFILIADOS (HI_NDOCUM, HI_CONTRA) 
VALUES (6821509.0, '0682TRUJ');

INSERT INTO AFILIADOS (HI_NDOCUM, HI_CONTRA) 
VALUES (6829632.0, '0682NEGR');

INSERT INTO AFILIADOS (HI_NDOCUM, HI_CONTRA) 
VALUES (1.0212379E7, '1021NEGR');

INSERT INTO AFILIADOS (HI_NDOCUM, HI_CONTRA) 
VALUES (6825720.0, '0682RODR');

INSERT INTO AFILIADOS (HI_NDOCUM, HI_CONTRA) 
VALUES (9170411.0, '0917ORTE');

INSERT INTO AFILIADOS (HI_NDOCUM, HI_CONTRA) 
VALUES (6821937.0, '0682CACE');

INSERT INTO AFILIADOS (HI_NDOCUM, HI_CONTRA) 
VALUES (9227142.0, '0922JARA');

INSERT INTO AFILIADOS (HI_NDOCUM, HI_CONTRA) 
VALUES (1.0400703E7, '1040ALME');

INSERT INTO AFILIADOS (HI_NDOCUM, HI_CONTRA) 
VALUES (9168361.0, '0916BASU');

INSERT INTO AFILIADOS (HI_NDOCUM, HI_CONTRA) 
VALUES (8541294.0, '0854HUIL');

INSERT INTO AFILIADOS (HI_NDOCUM, HI_CONTRA) 
VALUES (6836516.0, '0683MONT');

INSERT INTO AFILIADOS (HI_NDOCUM, HI_CONTRA) 
VALUES (6836846.0, '0683LLAM');

INSERT INTO AFILIADOS (HI_NDOCUM, HI_CONTRA) 
VALUES (6830269.0, '0683ORIU');

INSERT INTO AFILIADOS (HI_NDOCUM, HI_CONTRA) 
VALUES (9547843.0, '0954RODR');

INSERT INTO AFILIADOS (HI_NDOCUM, HI_CONTRA) 
VALUES (6821701.0, '0682LAND');

INSERT INTO AFILIADOS (HI_NDOCUM, HI_CONTRA) 
VALUES (1.0217989E7, '1021HUAM');

INSERT INTO AFILIADOS (HI_NDOCUM, HI_CONTRA) 
VALUES (6829333.0, '0682HUAM');

INSERT INTO AFILIADOS (HI_NDOCUM, HI_CONTRA) 
VALUES (6817860.0, '0681PAND');

INSERT INTO AFILIADOS (HI_NDOCUM, HI_CONTRA) 
VALUES (6829294.0, '0682PADI');

INSERT INTO AFILIADOS (HI_NDOCUM, HI_CONTRA) 
VALUES (6825010.0, '0682RUMI');

INSERT INTO AFILIADOS (HI_NDOCUM, HI_CONTRA) 
VALUES (1.5292666E7, '1529GARC');

INSERT INTO AFILIADOS (HI_NDOCUM, HI_CONTRA) 
VALUES (6825456.0, '0682MEDI');

INSERT INTO AFILIADOS (HI_NDOCUM, HI_CONTRA) 
VALUES (6832054.0, '0683ULLO');

INSERT INTO AFILIADOS (HI_NDOCUM, HI_CONTRA) 
VALUES (6823498.0, '0682CAST');

INSERT INTO AFILIADOS (HI_NDOCUM, HI_CONTRA) 
VALUES (6824609.0, '0682CALD');

INSERT INTO AFILIADOS (HI_NDOCUM, HI_CONTRA) 
VALUES (9226442.0, '0922ORDO');

INSERT INTO AFILIADOS (HI_NDOCUM, HI_CONTRA) 
VALUES (9173249.0, '0917LARA');

INSERT INTO AFILIADOS (HI_NDOCUM, HI_CONTRA) 
VALUES (6830257.0, '0683BARB');

INSERT INTO AFILIADOS (HI_NDOCUM, HI_CONTRA) 
VALUES (9228026.0, '0922MONT');

INSERT INTO AFILIADOS (HI_NDOCUM, HI_CONTRA) 
VALUES (6820317.0, '0682DE L');

INSERT INTO AFILIADOS (HI_NDOCUM, HI_CONTRA) 
VALUES (1.0215529E7, '1021POLA');

INSERT INTO AFILIADOS (HI_NDOCUM, HI_CONTRA) 
VALUES (1.5280826E7, '1528VILC');

INSERT INTO AFILIADOS (HI_NDOCUM, HI_CONTRA) 
VALUES (6822863.0, '0682TENO');

INSERT INTO AFILIADOS (HI_NDOCUM, HI_CONTRA) 
VALUES (9168421.0, '0916TORI');

INSERT INTO AFILIADOS (HI_NDOCUM, HI_CONTRA) 
VALUES (6831392.0, '0683QUIS');

INSERT INTO AFILIADOS (HI_NDOCUM, HI_CONTRA) 
VALUES (6818387.0, '0681CRIS');

INSERT INTO AFILIADOS (HI_NDOCUM, HI_CONTRA) 
VALUES (4.5578558E7, '4557CRIS');

INSERT INTO AFILIADOS (HI_NDOCUM, HI_CONTRA) 
VALUES (6818187.0, '0681VIDA');

INSERT INTO AFILIADOS (HI_NDOCUM, HI_CONTRA) 
VALUES (6826537.0, '0682VASQ');

INSERT INTO AFILIADOS (HI_NDOCUM, HI_CONTRA) 
VALUES (9171908.0, '0917PALH');

INSERT INTO AFILIADOS (HI_NDOCUM, HI_CONTRA) 
VALUES (6836960.0, '0683SILV');

INSERT INTO AFILIADOS (HI_NDOCUM, HI_CONTRA) 
VALUES (9228271.0, '0922PERA');

INSERT INTO AFILIADOS (HI_NDOCUM, HI_CONTRA) 
VALUES (6836591.0, '0683CUEN');

INSERT INTO AFILIADOS (HI_NDOCUM, HI_CONTRA) 
VALUES (6821239.0, '0682MINA');

INSERT INTO AFILIADOS (HI_NDOCUM, HI_CONTRA) 
VALUES (6820684.0, '0682ROME');

INSERT INTO AFILIADOS (HI_NDOCUM, HI_CONTRA) 
VALUES (6821441.0, '0682REQU');

INSERT INTO AFILIADOS (HI_NDOCUM, HI_CONTRA) 
VALUES (6826641.0, '0682HURT');

INSERT INTO AFILIADOS (HI_NDOCUM, HI_CONTRA) 
VALUES (9172005.0, '0917HORN');

INSERT INTO AFILIADOS (HI_NDOCUM, HI_CONTRA) 
VALUES (6819751.0, '0681COLL');

INSERT INTO AFILIADOS (HI_NDOCUM, HI_CONTRA) 
VALUES (6825649.0, '0682TAMA');

INSERT INTO AFILIADOS (HI_NDOCUM, HI_CONTRA) 
VALUES (6824856.0, '0682SOTE');

INSERT INTO AFILIADOS (HI_NDOCUM, HI_CONTRA) 
VALUES (1.0216555E7, '1021TAMA');

INSERT INTO AFILIADOS (HI_NDOCUM, HI_CONTRA) 
VALUES (9169160.0, '0916CORT');

INSERT INTO AFILIADOS (HI_NDOCUM, HI_CONTRA) 
VALUES (6825505.0, '0682LLAC');

INSERT INTO AFILIADOS (HI_NDOCUM, HI_CONTRA) 
VALUES (6818058.0, '0681VEGA');

INSERT INTO AFILIADOS (HI_NDOCUM, HI_CONTRA) 
VALUES (8082519.0, '0808AREC');

INSERT INTO AFILIADOS (HI_NDOCUM, HI_CONTRA) 
VALUES (6828323.0, '0682CHAV');

INSERT INTO AFILIADOS (HI_NDOCUM, HI_CONTRA) 
VALUES (6823077.0, '0682ESPI');

INSERT INTO AFILIADOS (HI_NDOCUM, HI_CONTRA) 
VALUES (6836061.0, '0683REYN');

INSERT INTO AFILIADOS (HI_NDOCUM, HI_CONTRA) 
VALUES (9169318.0, '0916RAMO');

INSERT INTO AFILIADOS (HI_NDOCUM, HI_CONTRA) 
VALUES (1.0402969E7, '1040GREE');

INSERT INTO AFILIADOS (HI_NDOCUM, HI_CONTRA) 
VALUES (6823191.0, '0682CASH');

INSERT INTO AFILIADOS (HI_NDOCUM, HI_CONTRA) 
VALUES (1.0405669E7, '1040CAMA');

INSERT INTO AFILIADOS (HI_NDOCUM, HI_CONTRA) 
VALUES (6828161.0, '0682SURC');

INSERT INTO AFILIADOS (HI_NDOCUM, HI_CONTRA) 
VALUES (9168809.0, '0916MORE');

INSERT INTO AFILIADOS (HI_NDOCUM, HI_CONTRA) 
VALUES (6818795.0, '0681ESTR');

INSERT INTO AFILIADOS (HI_NDOCUM, HI_CONTRA) 
VALUES (6830852.0, '0683GALI');

INSERT INTO AFILIADOS (HI_NDOCUM, HI_CONTRA) 
VALUES (6826718.0, '0682MEJI');

INSERT INTO AFILIADOS (HI_NDOCUM, HI_CONTRA) 
VALUES (7339053.0, '0733CARB');

INSERT INTO AFILIADOS (HI_NDOCUM, HI_CONTRA) 
VALUES (6868169.0, '0686VILL');

INSERT INTO AFILIADOS (HI_NDOCUM, HI_CONTRA) 
VALUES (6822400.0, '0682AUQU');

INSERT INTO AFILIADOS (HI_NDOCUM, HI_CONTRA) 
VALUES (6830331.0, '0683SULC');

INSERT INTO AFILIADOS (HI_NDOCUM, HI_CONTRA) 
VALUES (6821925.0, '0682SALD');

INSERT INTO AFILIADOS (HI_NDOCUM, HI_CONTRA) 
VALUES (4027057.0, '0402TRAV');

INSERT INTO AFILIADOS (HI_NDOCUM, HI_CONTRA) 
VALUES (6821467.0, '0682ABRE');

INSERT INTO AFILIADOS (HI_NDOCUM, HI_CONTRA) 
VALUES (6829224.0, '0682ORME');

INSERT INTO AFILIADOS (HI_NDOCUM, HI_CONTRA) 
VALUES (9226435.0, '0922BERN');

INSERT INTO AFILIADOS (HI_NDOCUM, HI_CONTRA) 
VALUES (6825213.0, '0682JARA');

INSERT INTO AFILIADOS (HI_NDOCUM, HI_CONTRA) 
VALUES (6836188.0, '0683TATA');

INSERT INTO AFILIADOS (HI_NDOCUM, HI_CONTRA) 
VALUES (6820027.0, '0682ASTE');

INSERT INTO AFILIADOS (HI_NDOCUM, HI_CONTRA) 
VALUES (1.0405428E7, '1040RIOS');

INSERT INTO AFILIADOS (HI_NDOCUM, HI_CONTRA) 
VALUES (6835214.0, '0683GONZ');

INSERT INTO AFILIADOS (HI_NDOCUM, HI_CONTRA) 
VALUES (6835779.0, '0683CHAV');

INSERT INTO AFILIADOS (HI_NDOCUM, HI_CONTRA) 
VALUES (6831150.0, '0683JUNE');

INSERT INTO AFILIADOS (HI_NDOCUM, HI_CONTRA) 
VALUES (6823418.0, '0682MOZA');

INSERT INTO AFILIADOS (HI_NDOCUM, HI_CONTRA) 
VALUES (6827745.0, '0682COEL');

INSERT INTO AFILIADOS (HI_NDOCUM, HI_CONTRA) 
VALUES (6823809.0, '0682SILV');

INSERT INTO AFILIADOS (HI_NDOCUM, HI_CONTRA) 
VALUES (6821673.0, '0682LAGO');

INSERT INTO AFILIADOS (HI_NDOCUM, HI_CONTRA) 
VALUES (6273033.0, '0627JIME');

INSERT INTO AFILIADOS (HI_NDOCUM, HI_CONTRA) 
VALUES (1.0409093E7, '1040JARA');

INSERT INTO AFILIADOS (HI_NDOCUM, HI_CONTRA) 
VALUES (6828927.0, '0682CHAN');

INSERT INTO AFILIADOS (HI_NDOCUM, HI_CONTRA) 
VALUES (6835314.0, '0683NEYR');

INSERT INTO AFILIADOS (HI_NDOCUM, HI_CONTRA) 
VALUES (9173251.0, '0917CADE');

INSERT INTO AFILIADOS (HI_NDOCUM, HI_CONTRA) 
VALUES (9170120.0, '0917SAMA');

INSERT INTO AFILIADOS (HI_NDOCUM, HI_CONTRA) 
VALUES (6818144.0, '0681PONC');

INSERT INTO AFILIADOS (HI_NDOCUM, HI_CONTRA) 
VALUES (6824789.0, '0682ALCA');

INSERT INTO AFILIADOS (HI_NDOCUM, HI_CONTRA) 
VALUES (6824591.0, '0682MORA');

INSERT INTO AFILIADOS (HI_NDOCUM, HI_CONTRA) 
VALUES (7922623.0, '0792ROJA');

INSERT INTO AFILIADOS (HI_NDOCUM, HI_CONTRA) 
VALUES (6834605.0, '0683VILL');

INSERT INTO AFILIADOS (HI_NDOCUM, HI_CONTRA) 
VALUES (6828179.0, '0682VIGO');

INSERT INTO AFILIADOS (HI_NDOCUM, HI_CONTRA) 
VALUES (6828267.0, '0682ROSA');

INSERT INTO AFILIADOS (HI_NDOCUM, HI_CONTRA) 
VALUES (6862060.0, '0686MAYM');

INSERT INTO AFILIADOS (HI_NDOCUM, HI_CONTRA) 
VALUES (6821590.0, '0682CHUJ');

INSERT INTO AFILIADOS (HI_NDOCUM, HI_CONTRA) 
VALUES (1.0212442E7, '1021CHAM');

INSERT INTO AFILIADOS (HI_NDOCUM, HI_CONTRA) 
VALUES (6910756.0, '0691HUAM');

INSERT INTO AFILIADOS (HI_NDOCUM, HI_CONTRA) 
VALUES (6829760.0, '0682PRAD');

INSERT INTO AFILIADOS (HI_NDOCUM, HI_CONTRA) 
VALUES (9169249.0, '0916PADI');

INSERT INTO AFILIADOS (HI_NDOCUM, HI_CONTRA) 
VALUES (6824539.0, '0682VILL');

INSERT INTO AFILIADOS (HI_NDOCUM, HI_CONTRA) 
VALUES (6820876.0, '0682HILA');

INSERT INTO AFILIADOS (HI_NDOCUM, HI_CONTRA) 
VALUES (6822662.0, '0682ALAC');

INSERT INTO AFILIADOS (HI_NDOCUM, HI_CONTRA) 
VALUES (6828678.0, '0682PEVE');

INSERT INTO AFILIADOS (HI_NDOCUM, HI_CONTRA) 
VALUES (6831103.0, '0683MEDR');

INSERT INTO AFILIADOS (HI_NDOCUM, HI_CONTRA) 
VALUES (6822960.0, '0682CURI');

INSERT INTO AFILIADOS (HI_NDOCUM, HI_CONTRA) 
VALUES (9169087.0, '0916MORA');

INSERT INTO AFILIADOS (HI_NDOCUM, HI_CONTRA) 
VALUES (6836248.0, '0683SANC');

INSERT INTO AFILIADOS (HI_NDOCUM, HI_CONTRA) 
VALUES (1.0216197E7, '1021IDRO');

INSERT INTO AFILIADOS (HI_NDOCUM, HI_CONTRA) 
VALUES (6835995.0, '0683GARC');

INSERT INTO AFILIADOS (HI_NDOCUM, HI_CONTRA) 
VALUES (9226459.0, '0922CUAD');

INSERT INTO AFILIADOS (HI_NDOCUM, HI_CONTRA) 
VALUES (6831817.0, '0683MEND');

INSERT INTO AFILIADOS (HI_NDOCUM, HI_CONTRA) 
VALUES (9173993.0, '0917MENA');

INSERT INTO AFILIADOS (HI_NDOCUM, HI_CONTRA) 
VALUES (9173646.0, '0917MURR');

INSERT INTO AFILIADOS (HI_NDOCUM, HI_CONTRA) 
VALUES (6820667.0, '0682GIL ');

INSERT INTO AFILIADOS (HI_NDOCUM, HI_CONTRA) 
VALUES (1.0400977E7, '1040VEGA');

INSERT INTO AFILIADOS (HI_NDOCUM, HI_CONTRA) 
VALUES (6830090.0, '0683MIMB');

INSERT INTO AFILIADOS (HI_NDOCUM, HI_CONTRA) 
VALUES (6836691.0, '0683VILL');

INSERT INTO AFILIADOS (HI_NDOCUM, HI_CONTRA) 
VALUES (9170690.0, '0917GARC');

INSERT INTO AFILIADOS (HI_NDOCUM, HI_CONTRA) 
VALUES (6820521.0, '0682LLAN');

INSERT INTO AFILIADOS (HI_NDOCUM, HI_CONTRA) 
VALUES (6824359.0, '0682NUNE');

INSERT INTO AFILIADOS (HI_NDOCUM, HI_CONTRA) 
VALUES (6817934.0, '0681JACI');

INSERT INTO AFILIADOS (HI_NDOCUM, HI_CONTRA) 
VALUES (6817933.0, '0681CARR');

INSERT INTO AFILIADOS (HI_NDOCUM, HI_CONTRA) 
VALUES (6835484.0, '0683GONZ');

INSERT INTO AFILIADOS (HI_NDOCUM, HI_CONTRA) 
VALUES (6835724.0, '0683CAST');

INSERT INTO AFILIADOS (HI_NDOCUM, HI_CONTRA) 
VALUES (6826872.0, '0682SEGU');

INSERT INTO AFILIADOS (HI_NDOCUM, HI_CONTRA) 
VALUES (9228942.0, '0922LOPE');

INSERT INTO AFILIADOS (HI_NDOCUM, HI_CONTRA) 
VALUES (6824451.0, '0682MORE');

INSERT INTO AFILIADOS (HI_NDOCUM, HI_CONTRA) 
VALUES (4028215.0, '0402AGUE');

INSERT INTO AFILIADOS (HI_NDOCUM, HI_CONTRA) 
VALUES (6825703.0, '0682LOZA');

INSERT INTO AFILIADOS (HI_NDOCUM, HI_CONTRA) 
VALUES (6831547.0, '0683MOTT');

INSERT INTO AFILIADOS (HI_NDOCUM, HI_CONTRA) 
VALUES (6820253.0, '0682AMAO');

INSERT INTO AFILIADOS (HI_NDOCUM, HI_CONTRA) 
VALUES (6825602.0, '0682JULC');

INSERT INTO AFILIADOS (HI_NDOCUM, HI_CONTRA) 
VALUES (6826424.0, '0682HUAM');

INSERT INTO AFILIADOS (HI_NDOCUM, HI_CONTRA) 
VALUES (6821333.0, '0682ARIA');

INSERT INTO AFILIADOS (HI_NDOCUM, HI_CONTRA) 
VALUES (4.0409481E7, '4040QUEV');

INSERT INTO AFILIADOS (HI_NDOCUM, HI_CONTRA) 
VALUES (6825453.0, '0682CHUM');

INSERT INTO AFILIADOS (HI_NDOCUM, HI_CONTRA) 
VALUES (6820370.0, '0682ROME');

INSERT INTO AFILIADOS (HI_NDOCUM, HI_CONTRA) 
VALUES (6824177.0, '0682FEBR');

INSERT INTO AFILIADOS (HI_NDOCUM, HI_CONTRA) 
VALUES (1.0408172E7, '1040FEBR');

INSERT INTO AFILIADOS (HI_NDOCUM, HI_CONTRA) 
VALUES (6826017.0, '0682REIN');

INSERT INTO AFILIADOS (HI_NDOCUM, HI_CONTRA) 
VALUES (9402051.0, '0940RAYM');

INSERT INTO AFILIADOS (HI_NDOCUM, HI_CONTRA) 
VALUES (6826009.0, '0682ARRO');

INSERT INTO AFILIADOS (HI_NDOCUM, HI_CONTRA) 
VALUES (6827237.0, '0682BURG');

INSERT INTO AFILIADOS (HI_NDOCUM, HI_CONTRA) 
VALUES (4.3274457E7, '4327GUIL');

INSERT INTO AFILIADOS (HI_NDOCUM, HI_CONTRA) 
VALUES (6827238.0, '0682GUIL');

INSERT INTO AFILIADOS (HI_NDOCUM, HI_CONTRA) 
VALUES (6832558.0, '0683SOVE');

INSERT INTO AFILIADOS (HI_NDOCUM, HI_CONTRA) 
VALUES (1.0407618E7, '1040COND');

INSERT INTO AFILIADOS (HI_NDOCUM, HI_CONTRA) 
VALUES (6822010.0, '0682MORA');

INSERT INTO AFILIADOS (HI_NDOCUM, HI_CONTRA) 
VALUES (1.0405692E7, '1040REBA');

INSERT INTO AFILIADOS (HI_NDOCUM, HI_CONTRA) 
VALUES (6824724.0, '0682LLAN');

INSERT INTO AFILIADOS (HI_NDOCUM, HI_CONTRA) 
VALUES (6827587.0, '0682RIVE');

INSERT INTO AFILIADOS (HI_NDOCUM, HI_CONTRA) 
VALUES (6842990.0, '0684LOPE');

INSERT INTO AFILIADOS (HI_NDOCUM, HI_CONTRA) 
VALUES (6875922.0, '0687BORR');

INSERT INTO AFILIADOS (HI_NDOCUM, HI_CONTRA) 
VALUES (9171499.0, '0917SANT');

INSERT INTO AFILIADOS (HI_NDOCUM, HI_CONTRA) 
VALUES (1.0400938E7, '1040MEND');

INSERT INTO AFILIADOS (HI_NDOCUM, HI_CONTRA) 
VALUES (1.0408053E7, '1040PIRG');

INSERT INTO AFILIADOS (HI_NDOCUM, HI_CONTRA) 
VALUES (6849980.0, '0684RUIZ');

INSERT INTO AFILIADOS (HI_NDOCUM, HI_CONTRA) 
VALUES (6818341.0, '0681TORR');

INSERT INTO AFILIADOS (HI_NDOCUM, HI_CONTRA) 
VALUES (6818514.0, '0681ALVA');

INSERT INTO AFILIADOS (HI_NDOCUM, HI_CONTRA) 
VALUES (9172144.0, '0917ESPI');

INSERT INTO AFILIADOS (HI_NDOCUM, HI_CONTRA) 
VALUES (9168366.0, '0916ALBI');

INSERT INTO AFILIADOS (HI_NDOCUM, HI_CONTRA) 
VALUES (6835269.0, '0683GARC');

INSERT INTO AFILIADOS (HI_NDOCUM, HI_CONTRA) 
VALUES (6831264.0, '0683VILL');

INSERT INTO AFILIADOS (HI_NDOCUM, HI_CONTRA) 
VALUES (6821352.0, '0682ASPA');

INSERT INTO AFILIADOS (HI_NDOCUM, HI_CONTRA) 
VALUES (6818534.0, '0681GUER');

INSERT INTO AFILIADOS (HI_NDOCUM, HI_CONTRA) 
VALUES (7064115.0, '0706CANA');

INSERT INTO AFILIADOS (HI_NDOCUM, HI_CONTRA) 
VALUES (6824709.0, '0682PERA');

INSERT INTO AFILIADOS (HI_NDOCUM, HI_CONTRA) 
VALUES (6823371.0, '0682VICE');

INSERT INTO AFILIADOS (HI_NDOCUM, HI_CONTRA) 
VALUES (8.0216434E7, '8021CANO');

INSERT INTO AFILIADOS (HI_NDOCUM, HI_CONTRA) 
VALUES (6832805.0, '0683CANO');

INSERT INTO AFILIADOS (HI_NDOCUM, HI_CONTRA) 
VALUES (1.0693458E7, '1069FALC');

INSERT INTO AFILIADOS (HI_NDOCUM, HI_CONTRA) 
VALUES (9229480.0, '0922GUEV');

INSERT INTO AFILIADOS (HI_NDOCUM, HI_CONTRA) 
VALUES (7979202.0, '0797GUIL');

INSERT INTO AFILIADOS (HI_NDOCUM, HI_CONTRA) 
VALUES (6827510.0, '0682CORD');

INSERT INTO AFILIADOS (HI_NDOCUM, HI_CONTRA) 
VALUES (6829615.0, '0682FUEN');

INSERT INTO AFILIADOS (HI_NDOCUM, HI_CONTRA) 
VALUES (9172283.0, '0917CORN');

INSERT INTO AFILIADOS (HI_NDOCUM, HI_CONTRA) 
VALUES (9171400.0, '0917ZUÑI');

INSERT INTO AFILIADOS (HI_NDOCUM, HI_CONTRA) 
VALUES (6821482.0, '0682TAIP');

INSERT INTO AFILIADOS (HI_NDOCUM, HI_CONTRA) 
VALUES (6822900.0, '0682OLIV');

INSERT INTO AFILIADOS (HI_NDOCUM, HI_CONTRA) 
VALUES (6822903.0, '0682SOTO');

INSERT INTO AFILIADOS (HI_NDOCUM, HI_CONTRA) 
VALUES (6827014.0, '0682TORR');

INSERT INTO AFILIADOS (HI_NDOCUM, HI_CONTRA) 
VALUES (6834704.0, '0683HUAM');

INSERT INTO AFILIADOS (HI_NDOCUM, HI_CONTRA) 
VALUES (9018152.0, '0901ESPI');

INSERT INTO AFILIADOS (HI_NDOCUM, HI_CONTRA) 
VALUES (6220572.0, '0622YACT');

INSERT INTO AFILIADOS (HI_NDOCUM, HI_CONTRA) 
VALUES (7082731.0, '0708FALC');

INSERT INTO AFILIADOS (HI_NDOCUM, HI_CONTRA) 
VALUES (1.0400783E7, '1040BADA');

INSERT INTO AFILIADOS (HI_NDOCUM, HI_CONTRA) 
VALUES (9173318.0, '0917ALTA');

INSERT INTO AFILIADOS (HI_NDOCUM, HI_CONTRA) 
VALUES (9400120.0, '0940QUIC');

INSERT INTO AFILIADOS (HI_NDOCUM, HI_CONTRA) 
VALUES (6819292.0, '0681ZAPA');

INSERT INTO AFILIADOS (HI_NDOCUM, HI_CONTRA) 
VALUES (9400650.0, '0940CHUM');

INSERT INTO AFILIADOS (HI_NDOCUM, HI_CONTRA) 
VALUES (6821642.0, '0682DE L');

INSERT INTO AFILIADOS (HI_NDOCUM, HI_CONTRA) 
VALUES (6836365.0, '0683ZABA');

INSERT INTO AFILIADOS (HI_NDOCUM, HI_CONTRA) 
VALUES (9545706.0, '0954LEYV');

INSERT INTO AFILIADOS (HI_NDOCUM, HI_CONTRA) 
VALUES (6831155.0, '0683SILV');

INSERT INTO AFILIADOS (HI_NDOCUM, HI_CONTRA) 
VALUES (9229172.0, '0922ZENT');

INSERT INTO AFILIADOS (HI_NDOCUM, HI_CONTRA) 
VALUES (9227499.0, '0922FLOR');

INSERT INTO AFILIADOS (HI_NDOCUM, HI_CONTRA) 
VALUES (6826418.0, '0682ATAU');

INSERT INTO AFILIADOS (HI_NDOCUM, HI_CONTRA) 
VALUES (6836156.0, '0683DELG');

INSERT INTO AFILIADOS (HI_NDOCUM, HI_CONTRA) 
VALUES (6821153.0, '0682DUEÑ');

INSERT INTO AFILIADOS (HI_NDOCUM, HI_CONTRA) 
VALUES (6830875.0, '0683GRAN');

INSERT INTO AFILIADOS (HI_NDOCUM, HI_CONTRA) 
VALUES (1.0403754E7, '1040HUAM');

INSERT INTO AFILIADOS (HI_NDOCUM, HI_CONTRA) 
VALUES (6824330.0, '0682AGUI');

INSERT INTO AFILIADOS (HI_NDOCUM, HI_CONTRA) 
VALUES (6824331.0, '0682QUIS');

INSERT INTO AFILIADOS (HI_NDOCUM, HI_CONTRA) 
VALUES (6181793.0, '0618NAVA');

INSERT INTO AFILIADOS (HI_NDOCUM, HI_CONTRA) 
VALUES (6181896.0, '0618ARAM');

INSERT INTO AFILIADOS (HI_NDOCUM, HI_CONTRA) 
VALUES (6824158.0, '0682CALV');

INSERT INTO AFILIADOS (HI_NDOCUM, HI_CONTRA) 
VALUES (6820090.0, '0682POEM');

INSERT INTO AFILIADOS (HI_NDOCUM, HI_CONTRA) 
VALUES (6819960.0, '0681SORI');

INSERT INTO AFILIADOS (HI_NDOCUM, HI_CONTRA) 
VALUES (9171865.0, '0917LIVI');

INSERT INTO AFILIADOS (HI_NDOCUM, HI_CONTRA) 
VALUES (6833842.0, '0683RODR');

INSERT INTO AFILIADOS (HI_NDOCUM, HI_CONTRA) 
VALUES (6818633.0, '0681CORD');

INSERT INTO AFILIADOS (HI_NDOCUM, HI_CONTRA) 
VALUES (6829893.0, '0682RAMI');

INSERT INTO AFILIADOS (HI_NDOCUM, HI_CONTRA) 
VALUES (6823469.0, '0682MORE');

INSERT INTO AFILIADOS (HI_NDOCUM, HI_CONTRA) 
VALUES (9173688.0, '0917VILL');

INSERT INTO AFILIADOS (HI_NDOCUM, HI_CONTRA) 
VALUES (6831449.0, '0683RODR');

INSERT INTO AFILIADOS (HI_NDOCUM, HI_CONTRA) 
VALUES (9172912.0, '0917PORT');

INSERT INTO AFILIADOS (HI_NDOCUM, HI_CONTRA) 
VALUES (9170600.0, '0917BUEN');

INSERT INTO AFILIADOS (HI_NDOCUM, HI_CONTRA) 
VALUES (6822795.0, '0682ZAMU');

INSERT INTO AFILIADOS (HI_NDOCUM, HI_CONTRA) 
VALUES (9228697.0, '0922SOSA');

INSERT INTO AFILIADOS (HI_NDOCUM, HI_CONTRA) 
VALUES (6827347.0, '0682LEON');

INSERT INTO AFILIADOS (HI_NDOCUM, HI_CONTRA) 
VALUES (4.1538685E7, '4153IBAÑ');

INSERT INTO AFILIADOS (HI_NDOCUM, HI_CONTRA) 
VALUES (6822011.0, '0682LUZO');

INSERT INTO AFILIADOS (HI_NDOCUM, HI_CONTRA) 
VALUES (9228296.0, '0922ACOS');

INSERT INTO AFILIADOS (HI_NDOCUM, HI_CONTRA) 
VALUES (9227162.0, '0922VEGA');

INSERT INTO AFILIADOS (HI_NDOCUM, HI_CONTRA) 
VALUES (6822184.0, '0682PARE');

INSERT INTO AFILIADOS (HI_NDOCUM, HI_CONTRA) 
VALUES (6824341.0, '0682PONT');

INSERT INTO AFILIADOS (HI_NDOCUM, HI_CONTRA) 
VALUES (6827292.0, '0682GUIL');

INSERT INTO AFILIADOS (HI_NDOCUM, HI_CONTRA) 
VALUES (9228840.0, '0922AÑAN');

INSERT INTO AFILIADOS (HI_NDOCUM, HI_CONTRA) 
VALUES (9173801.0, '0917ASEN');

----------------------------------------------------------


----------INSERTAR DATOS A LA TABLA ESSALUD------------
INSERT INTO ESSALUD (HI_NREG, HI_AUTASE, HI_NOMBRE, HI_FECNAC, HI_DIRECC, HI_FULTAT, HI_NDOCUM, HI_ESTCIV, HI_AMCTLPR) 
VALUES ('2', '3612200FRCQJ004', 'FLORES CHOQUE VDA DE GUIZAB JULIA', to_date('12/20/1936', 'MM/DD/RR'), 'MZ.I LT.8 CAUDIVILLAS/N', to_date('02/03/2018', 'MM/DD/RR'), 6945114.0, 'V', 1597286.0);

INSERT INTO ESSALUD (HI_NREG, HI_AUTASE, HI_NOMBRE, HI_FECNAC, HI_DIRECC, HI_FULTAT, HI_NDOCUM, HI_ESTCIV, HI_AMCTLPR) 
VALUES ('9', '3103270AVMTJ006', 'ACEVEDO MANTILLA VDA DE BARR JUANA', to_date('03/27/1931', 'MM/DD/RR'), 'CALLE  9 DE OCTUBRES/N292 AA. HH. VIL', to_date('03/01/2018', 'MM/DD/RR'), 1.021786E7, 'V', 1641914.0);

INSERT INTO ESSALUD (HI_NREG, HI_AUTASE, HI_NOMBRE, HI_FECNAC, HI_DIRECC, HI_FULTAT, HI_NDOCUM, HI_ESTCIV, HI_AMCTLPR) 
VALUES ('11', '4809090BARAN006', 'BOCANEGRA RAFAILE NATIVIDAD', to_date('09/09/1948', 'MM/DD/RR'), 'LOS GERANIOS322', to_date('09/29/2016', 'MM/DD/RR'), 6829384.0, 'C', 1372875.0);

INSERT INTO ESSALUD (HI_NREG, HI_AUTASE, HI_NOMBRE, HI_FECNAC, HI_DIRECC, HI_FULTAT, HI_NDOCUM, HI_ESTCIV, HI_AMCTLPR) 
VALUES ('12', '1905191QSVAR003', 'QUISPE VERA ROGELIO', to_date('05/19/1919', 'MM/DD/RR'), 'JR LA VERONICA491STA  ISABEL', to_date('12/09/2013', 'MM/DD/RR'), 6712428.0, 'C', 735020.0);

INSERT INTO ESSALUD (HI_NREG, HI_AUTASE, HI_NOMBRE, HI_FECNAC, HI_DIRECC, HI_FULTAT, HI_NDOCUM, HI_ESTCIV, HI_AMCTLPR) 
VALUES ('13', '1910090BIZAR007', 'BENITES ZAPATA DE SINIEBRIUC ROSA OFELIA', to_date('10/09/1919', 'MM/DD/RR'), 'MARISCAL CACERES899', to_date('03/03/2016', 'MM/DD/RR'), 6818135.0, 'C', NULL);

INSERT INTO ESSALUD (HI_NREG, HI_AUTASE, HI_NOMBRE, HI_FECNAC, HI_DIRECC, HI_FULTAT, HI_NDOCUM, HI_ESTCIV, HI_AMCTLPR) 
VALUES ('17', '3311240MDPQM000', 'MENDOZA PASQUEL MERCEDES', to_date('11/24/1933', 'MM/DD/RR'), 'MZ A LT 12S/NSOL DE CAUDIVIL', to_date('04/02/2018', 'MM/DD/RR'), 1.5689782E7, 'S', 1586690.0);

INSERT INTO ESSALUD (HI_NREG, HI_AUTASE, HI_NOMBRE, HI_FECNAC, HI_DIRECC, HI_FULTAT, HI_NDOCUM, HI_ESTCIV, HI_AMCTLPR) 
VALUES ('18', '2102021SOTVL007', 'SOTOMAYOR TORVISCO LUIS', to_date('02/02/1921', 'MM/DD/RR'), 'MARGARITA134STA  ISABEL', to_date('09/28/2017', 'MM/DD/RR'), 1.0404615E7, 'C', 1250175.0);

INSERT INTO ESSALUD (HI_NREG, HI_AUTASE, HI_NOMBRE, HI_FECNAC, HI_DIRECC, HI_FULTAT, HI_NDOCUM, HI_ESTCIV, HI_AMCTLPR) 
VALUES ('24', '2205230RATRR000', 'ROJAS TORRES DE YALAN ROSA', to_date('05/23/1922', 'MM/DD/RR'), 'CALLE CHICLAYO 101 ES/NL PROGRESO', to_date('07/01/2015', 'MM/DD/RR'), 9168555.0, 'C', 877224.0);

INSERT INTO ESSALUD (HI_NREG, HI_AUTASE, HI_NOMBRE, HI_FECNAC, HI_DIRECC, HI_FULTAT, HI_NDOCUM, HI_ESTCIV, HI_AMCTLPR) 
VALUES ('28', '4311230ANCPF003', 'ARANDA CHAPARIN DE TUNA FELICITA', to_date('11/23/1943', 'MM/DD/RR'), 'LOS CARDOS145STA ISABEL', to_date('10/19/2017', 'MM/DD/RR'), 6829707.0, 'C', 1459366.0);

INSERT INTO ESSALUD (HI_NREG, HI_AUTASE, HI_NOMBRE, HI_FECNAC, HI_DIRECC, HI_FULTAT, HI_NDOCUM, HI_ESTCIV, HI_AMCTLPR) 
VALUES ('30', '2301051ERMAV000', 'ESTRADA MIRANDA VICTOR JESUS', to_date('01/05/1923', 'MM/DD/RR'), 'LOS LAURELES144EL PROGRESO KM1', to_date('08/08/2015', 'MM/DD/RR'), 6819240.0, 'C', NULL);

INSERT INTO ESSALUD (HI_NREG, HI_AUTASE, HI_NOMBRE, HI_FECNAC, HI_DIRECC, HI_FULTAT, HI_NDOCUM, HI_ESTCIV, HI_AMCTLPR) 
VALUES ('31', '4502110QROIM006', 'QUIROZ ORTIZ MARGARITA', to_date('02/11/1945', 'MM/DD/RR'), 'LOS LAURELES144', to_date('03/20/2018', 'MM/DD/RR'), 1.0403213E7, 'C', 1568599.0);

INSERT INTO ESSALUD (HI_NREG, HI_AUTASE, HI_NOMBRE, HI_FECNAC, HI_DIRECC, HI_FULTAT, HI_NDOCUM, HI_ESTCIV, HI_AMCTLPR) 
VALUES ('32', '3412180FCMII002', 'FALCON MEDINA DE ALVA INES', to_date('12/18/1934', 'MM/DD/RR'), 'JR LOS SABIOS164STA ISABEL', to_date('03/28/2018', 'MM/DD/RR'), 6825132.0, 'C', 1645620.0);

INSERT INTO ESSALUD (HI_NREG, HI_AUTASE, HI_NOMBRE, HI_FECNAC, HI_DIRECC, HI_FULTAT, HI_NDOCUM, HI_ESTCIV, HI_AMCTLPR) 
VALUES ('34', '2306241GCACJ006', 'GARCIA ARICA JUAN', to_date('06/24/1923', 'MM/DD/RR'), 'CALLE 3 8ITUNGASUCA', to_date('08/25/2015', 'MM/DD/RR'), 6825612.0, 'V', 1110909.0);

INSERT INTO ESSALUD (HI_NREG, HI_AUTASE, HI_NOMBRE, HI_FECNAC, HI_DIRECC, HI_FULTAT, HI_NDOCUM, HI_ESTCIV, HI_AMCTLPR) 
VALUES ('35', '2310230HMSMM004', 'HUAMANI SARMIENTO MARIA', to_date('10/23/1923', 'MM/DD/RR'), 'JR. VARGAS MACHUCAS/N1181 MZ. C1 LT.', to_date('02/16/2016', 'MM/DD/RR'), 9169506.0, 'S', 1220337.0);

INSERT INTO ESSALUD (HI_NREG, HI_AUTASE, HI_NOMBRE, HI_FECNAC, HI_DIRECC, HI_FULTAT, HI_NDOCUM, HI_ESTCIV, HI_AMCTLPR) 
VALUES ('36', '6001040CIVTG002', 'CECILIO VENTURA VDA  DE LEON GLORIA', to_date('01/04/1960', 'MM/DD/RR'), 'AA.HH. VILLA MANUELS/NSCORZA CALLE LO', to_date('02/12/2018', 'MM/DD/RR'), 8531967.0, 'V', 1567639.0);

INSERT INTO ESSALUD (HI_NREG, HI_AUTASE, HI_NOMBRE, HI_FECNAC, HI_DIRECC, HI_FULTAT, HI_NDOCUM, HI_ESTCIV, HI_AMCTLPR) 
VALUES ('37', '2403151QSHNR000', 'QUISPE HUANACUNE RAYMUNDO', to_date('03/15/1924', 'MM/DD/RR'), 'AV TUPAC AMARU3591KM 20', to_date('05/07/2014', 'MM/DD/RR'), 6819242.0, 'C', 804459.0);

INSERT INTO ESSALUD (HI_NREG, HI_AUTASE, HI_NOMBRE, HI_FECNAC, HI_DIRECC, HI_FULTAT, HI_NDOCUM, HI_ESTCIV, HI_AMCTLPR) 
VALUES ('38', '2403241JAARA005', 'JURADO ASURZA ANGEL', to_date('03/24/1924', 'MM/DD/RR'), 'JR 31 DE MAYOLT-5CARABAYLLO', to_date('02/25/2014', 'MM/DD/RR'), 6822661.0, 'C', 307733.0);

INSERT INTO ESSALUD (HI_NREG, HI_AUTASE, HI_NOMBRE, HI_FECNAC, HI_DIRECC, HI_FULTAT, HI_NDOCUM, HI_ESTCIV, HI_AMCTLPR) 
VALUES ('39', '3105220OOPUR009', 'OSTOS PAJUELO VDA.DE BENIT RITA TERESA', to_date('05/22/1931', 'MM/DD/RR'), 'CLL.FLOR DE LIZ199STA.ISABEL', to_date('01/16/2014', 'MM/DD/RR'), 3.1828031E7, 'C', 161732.0);

INSERT INTO ESSALUD (HI_NREG, HI_AUTASE, HI_NOMBRE, HI_FECNAC, HI_DIRECC, HI_FULTAT, HI_NDOCUM, HI_ESTCIV, HI_AMCTLPR) 
VALUES ('40', '2405051VLEIG008', 'VILLANUEVA ESPINOZA GONZALO', to_date('05/05/1924', 'MM/DD/RR'), 'JR.M.ARGUEDAS4H3EL PROGRESO', to_date('04/15/2017', 'MM/DD/RR'), 9168507.0, 'C', 1433676.0);

INSERT INTO ESSALUD (HI_NREG, HI_AUTASE, HI_NOMBRE, HI_FECNAC, HI_DIRECC, HI_FULTAT, HI_NDOCUM, HI_ESTCIV, HI_AMCTLPR) 
VALUES ('43', '2505061CPAAA006', 'CAMPOS ALCANTARA AGUSTIN', to_date('05/06/1925', 'MM/DD/RR'), 'MARISCAL CACERES648B. SAN BORJA', to_date('06/25/2014', 'MM/DD/RR'), 6820542.0, 'S', 872057.0);

INSERT INTO ESSALUD (HI_NREG, HI_AUTASE, HI_NOMBRE, HI_FECNAC, HI_DIRECC, HI_FULTAT, HI_NDOCUM, HI_ESTCIV, HI_AMCTLPR) 
VALUES ('51', '3305310MOLJF001', 'MUÑOZ LLAJA DE MENDOZA FLOR DE MARIA A', to_date('05/31/1933', 'MM/DD/RR'), 'TRINATARIAS105STA ISABEL', to_date('03/22/2018', 'MM/DD/RR'), 9227461.0, 'C', 1679648.0);

INSERT INTO ESSALUD (HI_NREG, HI_AUTASE, HI_NOMBRE, HI_FECNAC, HI_DIRECC, HI_FULTAT, HI_NDOCUM, HI_ESTCIV, HI_AMCTLPR) 
VALUES ('52', '2601151CZAAS003', 'CRUZ ALVAREZ SEGUNDO', to_date('01/15/1926', 'MM/DD/RR'), 'AV GRAL ODRIA204EL PROGRESO', to_date('09/29/2017', 'MM/DD/RR'), 6823574.0, 'C', 1381832.0);

INSERT INTO ESSALUD (HI_NREG, HI_AUTASE, HI_NOMBRE, HI_FECNAC, HI_DIRECC, HI_FULTAT, HI_NDOCUM, HI_ESTCIV, HI_AMCTLPR) 
VALUES ('56', '2607201RISOJ003', 'RAMIREZ SABOYA JULIO', to_date('07/20/1926', 'MM/DD/RR'), 'FRANCISCO TUPACS/NU 171 URB.TUNGA', to_date('04/02/2018', 'MM/DD/RR'), 6825293.0, 'C', 1668937.0);

INSERT INTO ESSALUD (HI_NREG, HI_AUTASE, HI_NOMBRE, HI_FECNAC, HI_DIRECC, HI_FULTAT, HI_NDOCUM, HI_ESTCIV, HI_AMCTLPR) 
VALUES ('58', '2609061JNLAA005', 'JHONG LIZARRAGA ALFREDO', to_date('09/06/1926', 'MM/DD/RR'), 'PROL JOSE PARDO 248S/N', to_date('04/02/2018', 'MM/DD/RR'), 6836286.0, 'S', 1637358.0);

INSERT INTO ESSALUD (HI_NREG, HI_AUTASE, HI_NOMBRE, HI_FECNAC, HI_DIRECC, HI_FULTAT, HI_NDOCUM, HI_ESTCIV, HI_AMCTLPR) 
VALUES ('59', '2411030GENPO002', 'GOMEZ ÑAUPA VDA DE TAPIA OLIMPIA', to_date('11/03/1924', 'MM/DD/RR'), 'JR MARISCAL CAC193R P BARRENECHEA', to_date('09/29/2016', 'MM/DD/RR'), 6827259.0, 'V', 1366515.0);

INSERT INTO ESSALUD (HI_NREG, HI_AUTASE, HI_NOMBRE, HI_FECNAC, HI_DIRECC, HI_FULTAT, HI_NDOCUM, HI_ESTCIV, HI_AMCTLPR) 
VALUES ('60', '5506110MTHOA003', 'MONTES HARO VDA DE NAVARRO APARICIA', to_date('06/11/1955', 'MM/DD/RR'), 'JR VELASCO ALVA399PROGRESO', to_date('04/20/2017', 'MM/DD/RR'), 6821377.0, 'C', 1444083.0);

INSERT INTO ESSALUD (HI_NREG, HI_AUTASE, HI_NOMBRE, HI_FECNAC, HI_DIRECC, HI_FULTAT, HI_NDOCUM, HI_ESTCIV, HI_AMCTLPR) 
VALUES ('62', '3507290TITBJ009', 'TAPIA TORBISCO DE CONDORI JULIA', to_date('07/29/1935', 'MM/DD/RR'), 'JR NICOLAS DEPIER172', to_date('04/08/2014', 'MM/DD/RR'), 6830946.0, 'C', 215295.0);

INSERT INTO ESSALUD (HI_NREG, HI_AUTASE, HI_NOMBRE, HI_FECNAC, HI_DIRECC, HI_FULTAT, HI_NDOCUM, HI_ESTCIV, HI_AMCTLPR) 
VALUES ('64', '4409180PIQNT001', 'PATINO QUINTO TOMASA', to_date('09/18/1944', 'MM/DD/RR'), NULL, to_date('12/04/2017', 'MM/DD/RR'), 6829605.0, 'C', 1415645.0);

INSERT INTO ESSALUD (HI_NREG, HI_AUTASE, HI_NOMBRE, HI_FECNAC, HI_DIRECC, HI_FULTAT, HI_NDOCUM, HI_ESTCIV, HI_AMCTLPR) 
VALUES ('67', '2804141PQTIP003', 'PENQUIAN TIPISMANA PEDRO AUGUSTO', to_date('04/14/1928', 'MM/DD/RR'), 'NICOLAS DE PIER364PROGRESO', to_date('06/02/2017', 'MM/DD/RR'), 9168129.0, 'S', 1478725.0);

INSERT INTO ESSALUD (HI_NREG, HI_AUTASE, HI_NOMBRE, HI_FECNAC, HI_DIRECC, HI_FULTAT, HI_NDOCUM, HI_ESTCIV, HI_AMCTLPR) 
VALUES ('71', '2706301CRPCH002', 'CARRILLO PONCE HECTOR', to_date('06/30/1927', 'MM/DD/RR'), 'PSJ PRIMAVERA122LA FLOR', to_date('05/02/2013', 'MM/DD/RR'), 6822339.0, 'C', 600794.0);

INSERT INTO ESSALUD (HI_NREG, HI_AUTASE, HI_NOMBRE, HI_FECNAC, HI_DIRECC, HI_FULTAT, HI_NDOCUM, HI_ESTCIV, HI_AMCTLPR) 
VALUES ('73', '2707141GMQSJ006', 'GUZMAN QUISPE JUSTO', to_date('07/14/1927', 'MM/DD/RR'), 'AV CAUDIVILLAMZ GLT12', to_date('09/30/2014', 'MM/DD/RR'), 7145254.0, 'C', 763191.0);

INSERT INTO ESSALUD (HI_NREG, HI_AUTASE, HI_NOMBRE, HI_FECNAC, HI_DIRECC, HI_FULTAT, HI_NDOCUM, HI_ESTCIV, HI_AMCTLPR) 
VALUES ('74', '2707270FNGAT002', 'FERNANDEZ GAMARRA TOMASA PERPETUA', to_date('07/27/1927', 'MM/DD/RR'), 'LOS AMAUTASMZ YLT03TUNGASUCA II', to_date('03/08/2018', 'MM/DD/RR'), 6846704.0, 'S', 1468767.0);

INSERT INTO ESSALUD (HI_NREG, HI_AUTASE, HI_NOMBRE, HI_FECNAC, HI_DIRECC, HI_FULTAT, HI_NDOCUM, HI_ESTCIV, HI_AMCTLPR) 
VALUES ('75', '2709201MIMAA004', 'MEDINA MEZA ANTONIO', to_date('09/20/1927', 'MM/DD/RR'), 'NO INFS/N', to_date('07/22/2017', 'MM/DD/RR'), 6827019.0, 'C', 1521378.0);

INSERT INTO ESSALUD (HI_NREG, HI_AUTASE, HI_NOMBRE, HI_FECNAC, HI_DIRECC, HI_FULTAT, HI_NDOCUM, HI_ESTCIV, HI_AMCTLPR) 
VALUES ('76', '4904270QRQBP002', 'QUIROGA QUIBIN DE ZETA PETRONILA', to_date('04/27/1949', 'MM/DD/RR'), 'JR LIMA584RAUL P BARRENEC', to_date('03/24/2018', 'MM/DD/RR'), 9228418.0, 'C', 1569632.0);

INSERT INTO ESSALUD (HI_NREG, HI_AUTASE, HI_NOMBRE, HI_FECNAC, HI_DIRECC, HI_FULTAT, HI_NDOCUM, HI_ESTCIV, HI_AMCTLPR) 
VALUES ('77', '6610270EECBC002', 'ECHENIQUE CARBAJULCA CONSUELO ROSARIO', to_date('10/27/1966', 'MM/DD/RR'), 'JR.JOSE PARDO290', to_date('03/15/2017', 'MM/DD/RR'), 9173454.0, 'S', 1468303.0);

INSERT INTO ESSALUD (HI_NREG, HI_AUTASE, HI_NOMBRE, HI_FECNAC, HI_DIRECC, HI_FULTAT, HI_NDOCUM, HI_ESTCIV, HI_AMCTLPR) 
VALUES ('78', '2711271CVMOP005', 'CHAVEZ MUÑOZ PORFIRIO', to_date('11/27/1927', 'MM/DD/RR'), 'JR HUAYLAS512', to_date('10/17/2014', 'MM/DD/RR'), 6827160.0, 'C', 940819.0);

INSERT INTO ESSALUD (HI_NREG, HI_AUTASE, HI_NOMBRE, HI_FECNAC, HI_DIRECC, HI_FULTAT, HI_NDOCUM, HI_ESTCIV, HI_AMCTLPR) 
VALUES ('79', '2804021SVCRR006', 'SILVA CARREÑO RODOLFO', to_date('04/02/1928', 'MM/DD/RR'), 'JR LAS ORQUIDEA141STA ISABEL', to_date('02/16/2018', 'MM/DD/RR'), 6824819.0, 'C', 1473671.0);

INSERT INTO ESSALUD (HI_NREG, HI_AUTASE, HI_NOMBRE, HI_FECNAC, HI_DIRECC, HI_FULTAT, HI_NDOCUM, HI_ESTCIV, HI_AMCTLPR) 
VALUES ('80', '3101120CBSAJ006', 'CARBAJAL SOLANO DE SILVA JUANA ARCARIA', to_date('01/12/1931', 'MM/DD/RR'), 'LAS ORQUIDEAS141STA ISABEL', to_date('02/17/2015', 'MM/DD/RR'), 6824680.0, 'C', 757480.0);

INSERT INTO ESSALUD (HI_NREG, HI_AUTASE, HI_NOMBRE, HI_FECNAC, HI_DIRECC, HI_FULTAT, HI_NDOCUM, HI_ESTCIV, HI_AMCTLPR) 
VALUES ('82', '4708150SVREA006', 'SAAVEDRA ROMERO ARMANDINA', to_date('08/15/1947', 'MM/DD/RR'), 'MZ H LT 61 URB LUCYAS/NNA', to_date('04/11/2017', 'MM/DD/RR'), 6826119.0, 'S', 1476746.0);

INSERT INTO ESSALUD (HI_NREG, HI_AUTASE, HI_NOMBRE, HI_FECNAC, HI_DIRECC, HI_FULTAT, HI_NDOCUM, HI_ESTCIV, HI_AMCTLPR) 
VALUES ('85', '2804260PATLA005', 'PESANTES TELLO ANTONIA', to_date('04/26/1928', 'MM/DD/RR'), 'JR TRINIDAD 127', to_date('03/12/2018', 'MM/DD/RR'), 6825111.0, 'S', 1553349.0);

INSERT INTO ESSALUD (HI_NREG, HI_AUTASE, HI_NOMBRE, HI_FECNAC, HI_DIRECC, HI_FULTAT, HI_NDOCUM, HI_ESTCIV, HI_AMCTLPR) 
VALUES ('86', '2805051SCCVS002', 'SANCHEZ CHAVEZ SEGUNDO JOSE', to_date('05/05/1928', 'MM/DD/RR'), 'TUNGASUCAMZ CLT23', to_date('09/07/2016', 'MM/DD/RR'), 6825792.0, 'C', 1323932.0);

INSERT INTO ESSALUD (HI_NREG, HI_AUTASE, HI_NOMBRE, HI_FECNAC, HI_DIRECC, HI_FULTAT, HI_NDOCUM, HI_ESTCIV, HI_AMCTLPR) 
VALUES ('87', '3901010LARRM006', 'LOZANO RODRIGUEZ MARIA LUISA', to_date('01/01/1939', 'MM/DD/RR'), 'AV MARIA PARADO DE B147', to_date('03/15/2018', 'MM/DD/RR'), 6834832.0, 'C', 1611634.0);

INSERT INTO ESSALUD (HI_NREG, HI_AUTASE, HI_NOMBRE, HI_FECNAC, HI_DIRECC, HI_FULTAT, HI_NDOCUM, HI_ESTCIV, HI_AMCTLPR) 
VALUES ('88', '2805121AASUQ006', 'ALVAREZ SAQUI QUINTIN', to_date('05/12/1928', 'MM/DD/RR'), 'JR.CHICLAYO 132S/N', to_date('03/26/2018', 'MM/DD/RR'), 9170371.0, 'C', 1475804.0);

INSERT INTO ESSALUD (HI_NREG, HI_AUTASE, HI_NOMBRE, HI_FECNAC, HI_DIRECC, HI_FULTAT, HI_NDOCUM, HI_ESTCIV, HI_AMCTLPR) 
VALUES ('92', '3510280SVRAB009', 'SILVA LA ROSA DE CANALES BERTHA JUDITH', to_date('10/28/1935', 'MM/DD/RR'), 'LAS CAMPANILLAS271SANTA ISABEL', to_date('03/28/2018', 'MM/DD/RR'), 6824068.0, 'C', 1460291.0);

INSERT INTO ESSALUD (HI_NREG, HI_AUTASE, HI_NOMBRE, HI_FECNAC, HI_DIRECC, HI_FULTAT, HI_NDOCUM, HI_ESTCIV, HI_AMCTLPR) 
VALUES ('93', '2808300EEAUR000', 'ECHEGARAY ARAUJO DE COLLAZOS ROSA AMELIA', to_date('08/30/1928', 'MM/DD/RR'), 'SAN PEDRO DE CARABAY121SANTA ISABEL', to_date('01/09/2013', 'MM/DD/RR'), 6825750.0, 'C', 278243.0);

INSERT INTO ESSALUD (HI_NREG, HI_AUTASE, HI_NOMBRE, HI_FECNAC, HI_DIRECC, HI_FULTAT, HI_NDOCUM, HI_ESTCIV, HI_AMCTLPR) 
VALUES ('94', '3205250LAJGM003', 'LOBATON JORGE VDA DE CORAZO MARIA GREGOR', to_date('05/25/1932', 'MM/DD/RR'), 'JR.CUZCO369R.PORRAS BARREN', to_date('12/20/2017', 'MM/DD/RR'), 6818434.0, 'V', 1453360.0);

INSERT INTO ESSALUD (HI_NREG, HI_AUTASE, HI_NOMBRE, HI_FECNAC, HI_DIRECC, HI_FULTAT, HI_NDOCUM, HI_ESTCIV, HI_AMCTLPR) 
VALUES ('95', '2809270TACDT009', 'TARAZONA CALDAS DE GARCIA TEODORA', to_date('09/27/1928', 'MM/DD/RR'), 'JR.VARGAS MACHUCA 12S/N01 PROGRESO', to_date('04/12/2016', 'MM/DD/RR'), 6819279.0, 'C', NULL);

INSERT INTO ESSALUD (HI_NREG, HI_AUTASE, HI_NOMBRE, HI_FECNAC, HI_DIRECC, HI_FULTAT, HI_NDOCUM, HI_ESTCIV, HI_AMCTLPR) 
VALUES ('96', '2809100EIRAC009', 'ESPINOZA RIMARI VDA DE ARNERO CLEMENTINA', to_date('09/10/1928', 'MM/DD/RR'), 'AV UNIVERSITARIZG9ASO VIV CAUDIVI', to_date('03/15/2018', 'MM/DD/RR'), 8600963.0, 'V', 1569757.0);

INSERT INTO ESSALUD (HI_NREG, HI_AUTASE, HI_NOMBRE, HI_FECNAC, HI_DIRECC, HI_FULTAT, HI_NDOCUM, HI_ESTCIV, HI_AMCTLPR) 
VALUES ('98', '2810150OVBEM005', 'OLIVARES BECERRA DE CERCADO MARIA LUISA', to_date('10/15/1928', 'MM/DD/RR'), 'AV 3 DE OCTUBRE 220-S/N222 KM 19 1/2', to_date('03/08/2018', 'MM/DD/RR'), 6819775.0, 'C', 1672062.0);

INSERT INTO ESSALUD (HI_NREG, HI_AUTASE, HI_NOMBRE, HI_FECNAC, HI_DIRECC, HI_FULTAT, HI_NDOCUM, HI_ESTCIV, HI_AMCTLPR) 
VALUES ('99', '2810160TRGOJ005', 'TORRES GODOY DE VALENZUELA JUSTINA', to_date('10/16/1928', 'MM/DD/RR'), 'JR JORGE CHAVEZ201', to_date('01/26/2016', 'MM/DD/RR'), 6821890.0, 'C', 861569.0);

INSERT INTO ESSALUD (HI_NREG, HI_AUTASE, HI_NOMBRE, HI_FECNAC, HI_DIRECC, HI_FULTAT, HI_NDOCUM, HI_ESTCIV, HI_AMCTLPR) 
VALUES ('101', '2812011CHFRM002', 'COCHACHIN FLORES MARCOS', to_date('12/01/1928', 'MM/DD/RR'), 'PROLONG LIBERTAD MZ A LT 1 A', to_date('03/15/2018', 'MM/DD/RR'), 1.040188E7, 'S', 1427739.0);

INSERT INTO ESSALUD (HI_NREG, HI_AUTASE, HI_NOMBRE, HI_FECNAC, HI_DIRECC, HI_FULTAT, HI_NDOCUM, HI_ESTCIV, HI_AMCTLPR) 
VALUES ('102', '7512270CHVDA001', 'COCHACHIN VALDERRAMA ANA MARIA', to_date('12/27/1975', 'MM/DD/RR'), 'PROLONG. LA LIBERTAD MZ A LT 12', to_date('05/20/2015', 'MM/DD/RR'), 1.0216352E7, 'S', 956958.0);

INSERT INTO ESSALUD (HI_NREG, HI_AUTASE, HI_NOMBRE, HI_FECNAC, HI_DIRECC, HI_FULTAT, HI_NDOCUM, HI_ESTCIV, HI_AMCTLPR) 
VALUES ('104', '3211060BAEEB001', 'BAZAN ECHEVARRIA DE LIMA BENERANDA', to_date('11/06/1932', 'MM/DD/RR'), 'ANDRES A CACEREH 108', to_date('04/23/2016', 'MM/DD/RR'), 1.0402885E7, 'C', 1017212.0);

INSERT INTO ESSALUD (HI_NREG, HI_AUTASE, HI_NOMBRE, HI_FECNAC, HI_DIRECC, HI_FULTAT, HI_NDOCUM, HI_ESTCIV, HI_AMCTLPR) 
VALUES ('105', '2903011LAPTR004', 'LIMA PINTO ROSENDO', to_date('03/01/1929', 'MM/DD/RR'), 'ANDRES A CACERES152LUCYANA', to_date('04/30/2016', 'MM/DD/RR'), 1.0402886E7, 'C', 1132286.0);

INSERT INTO ESSALUD (HI_NREG, HI_AUTASE, HI_NOMBRE, HI_FECNAC, HI_DIRECC, HI_FULTAT, HI_NDOCUM, HI_ESTCIV, HI_AMCTLPR) 
VALUES ('106', '2903041ARHAL005', 'ALARCON HIDALGO LEONCIO', to_date('03/04/1929', 'MM/DD/RR'), 'JR MARIA P DE BELLID183', to_date('11/25/2015', 'MM/DD/RR'), 6822330.0, 'C', 1074524.0);

INSERT INTO ESSALUD (HI_NREG, HI_AUTASE, HI_NOMBRE, HI_FECNAC, HI_DIRECC, HI_FULTAT, HI_NDOCUM, HI_ESTCIV, HI_AMCTLPR) 
VALUES ('107', '2903211REVLJ005', 'ROMERO VILLALBA JOSE', to_date('03/21/1929', 'MM/DD/RR'), 'CALLE LAS PASIONARIAS 123 127 URB STA ISABEL', to_date('06/06/2017', 'MM/DD/RR'), 9552299.0, 'C', 1190964.0);

INSERT INTO ESSALUD (HI_NREG, HI_AUTASE, HI_NOMBRE, HI_FECNAC, HI_DIRECC, HI_FULTAT, HI_NDOCUM, HI_ESTCIV, HI_AMCTLPR) 
VALUES ('111', '2905200PCJGB007', 'PONCE JORGE BACILIA', to_date('05/20/1929', 'MM/DD/RR'), 'JR  RAMON CASTILLAS/NESTE  492', to_date('03/15/2017', 'MM/DD/RR'), 6821147.0, 'S', 1462591.0);

INSERT INTO ESSALUD (HI_NREG, HI_AUTASE, HI_NOMBRE, HI_FECNAC, HI_DIRECC, HI_FULTAT, HI_NDOCUM, HI_ESTCIV, HI_AMCTLPR) 
VALUES ('112', '2905301RONIA007', 'RAMOS NATIVIDAD ALBERTO', to_date('05/30/1929', 'MM/DD/RR'), 'JR. LOS MIRTOS 180 URB.STA.ISABEL', to_date('03/28/2018', 'MM/DD/RR'), 6824292.0, 'S', 1460046.0);

INSERT INTO ESSALUD (HI_NREG, HI_AUTASE, HI_NOMBRE, HI_FECNAC, HI_DIRECC, HI_FULTAT, HI_NDOCUM, HI_ESTCIV, HI_AMCTLPR) 
VALUES ('113', '4110310ANSOL002', 'ARANGO SOTO DE RAMOS LUCILA', to_date('10/31/1941', 'MM/DD/RR'), 'JR LOS MIRTOS 182STA ISABEL', to_date('06/07/2017', 'MM/DD/RR'), 6824627.0, 'C', 1242828.0);

INSERT INTO ESSALUD (HI_NREG, HI_AUTASE, HI_NOMBRE, HI_FECNAC, HI_DIRECC, HI_FULTAT, HI_NDOCUM, HI_ESTCIV, HI_AMCTLPR) 
VALUES ('116', '3603170RRCHP001', 'RICRA CARHUACHIN DE LOPEZ PATRICIA', to_date('03/17/1936', 'MM/DD/RR'), 'AV TUPAC AMARU3003EL PROGRESO', to_date('11/08/2017', 'MM/DD/RR'), 6822154.0, 'C', 1526545.0);

INSERT INTO ESSALUD (HI_NREG, HI_AUTASE, HI_NOMBRE, HI_FECNAC, HI_DIRECC, HI_FULTAT, HI_NDOCUM, HI_ESTCIV, HI_AMCTLPR) 
VALUES ('118', '3011290CBFRM002', 'CARBAJAL FLORES MAXIMILIAN', to_date('11/29/1930', 'MM/DD/RR'), 'JR TACNA164R P BARRENECHE', to_date('03/19/2018', 'MM/DD/RR'), 6822253.0, 'C', 1475562.0);

INSERT INTO ESSALUD (HI_NREG, HI_AUTASE, HI_NOMBRE, HI_FECNAC, HI_DIRECC, HI_FULTAT, HI_NDOCUM, HI_ESTCIV, HI_AMCTLPR) 
VALUES ('119', '2908041TJRND004', 'TRUJILLO REYNALDO DOMICIANO', to_date('08/04/1929', 'MM/DD/RR'), 'JR TACNA164R P BARRENECHEA', to_date('08/09/2016', 'MM/DD/RR'), 6821509.0, 'C', 957494.0);

INSERT INTO ESSALUD (HI_NREG, HI_AUTASE, HI_NOMBRE, HI_FECNAC, HI_DIRECC, HI_FULTAT, HI_NDOCUM, HI_ESTCIV, HI_AMCTLPR) 
VALUES ('121', '2908241NRHTB009', 'NEGRON HURTADO BARTOLOME', to_date('08/24/1929', 'MM/DD/RR'), 'NO INFS/N', to_date('07/27/2013', 'MM/DD/RR'), 6829632.0, 'C', 209578.0);

INSERT INTO ESSALUD (HI_NREG, HI_AUTASE, HI_NOMBRE, HI_FECNAC, HI_DIRECC, HI_FULTAT, HI_NDOCUM, HI_ESTCIV, HI_AMCTLPR) 
VALUES ('122', '2909190NRAAA009', 'NEGREIROS ALTAMIRANO ANA MARIA', to_date('09/19/1929', 'MM/DD/RR'), 'PSJ 3 ESTRELLAS MZ K        9 LT 15', to_date('06/10/2015', 'MM/DD/RR'), 1.0212379E7, 'S', 773134.0);

INSERT INTO ESSALUD (HI_NREG, HI_AUTASE, HI_NOMBRE, HI_FECNAC, HI_DIRECC, HI_FULTAT, HI_NDOCUM, HI_ESTCIV, HI_AMCTLPR) 
VALUES ('123', '2910141RRMDS005', 'RODRIGUEZ MALDONADO SANTOS CALIXTO', to_date('10/14/1929', 'MM/DD/RR'), 'CALLE 28LT121 ETTUNGASUCA', to_date('06/20/2016', 'MM/DD/RR'), 6825720.0, 'S', 1278895.0);

INSERT INTO ESSALUD (HI_NREG, HI_AUTASE, HI_NOMBRE, HI_FECNAC, HI_DIRECC, HI_FULTAT, HI_NDOCUM, HI_ESTCIV, HI_AMCTLPR) 
VALUES ('125', '2912130OEVVL002', 'ORTEGA VALVERDE LUZMILA', to_date('12/13/1929', 'MM/DD/RR'), 'JR SAN PEDROS/N', to_date('12/24/2015', 'MM/DD/RR'), 9170411.0, 'C', 1186119.0);

INSERT INTO ESSALUD (HI_NREG, HI_AUTASE, HI_NOMBRE, HI_FECNAC, HI_DIRECC, HI_FULTAT, HI_NDOCUM, HI_ESTCIV, HI_AMCTLPR) 
VALUES ('128', '2912291CECDT000', 'CACERES CONDORI TOMAS', to_date('12/29/1929', 'MM/DD/RR'), 'NO INFS/N', to_date('12/15/2017', 'MM/DD/RR'), 6821937.0, 'C', 1412683.0);

INSERT INTO ESSALUD (HI_NREG, HI_AUTASE, HI_NOMBRE, HI_FECNAC, HI_DIRECC, HI_FULTAT, HI_NDOCUM, HI_ESTCIV, HI_AMCTLPR) 
VALUES ('132', '3604120JAESC005', 'JARA EGUSQUIZA DE LOPEZ CONSTANTIN', to_date('04/12/1936', 'MM/DD/RR'), 'JR VARGAS MACHU1230', to_date('03/26/2018', 'MM/DD/RR'), 9227142.0, 'C', 1527356.0);

INSERT INTO ESSALUD (HI_NREG, HI_AUTASE, HI_NOMBRE, HI_FECNAC, HI_DIRECC, HI_FULTAT, HI_NDOCUM, HI_ESTCIV, HI_AMCTLPR) 
VALUES ('138', '6801020AETRM008', 'ALMEYDA TORRES DE GONZALES MARIA ESTHER', to_date('01/02/1968', 'MM/DD/RR'), 'ASO LA MURALLAMZ ALT04KM 18', to_date('03/16/2018', 'MM/DD/RR'), 1.0400703E7, 'C', 1535783.0);

INSERT INTO ESSALUD (HI_NREG, HI_AUTASE, HI_NOMBRE, HI_FECNAC, HI_DIRECC, HI_FULTAT, HI_NDOCUM, HI_ESTCIV, HI_AMCTLPR) 
VALUES ('140', '3708260BUVDA005', 'BASURTO VALDIVIA ADRIANA', to_date('08/26/1937', 'MM/DD/RR'), 'NO INFS/N', to_date('07/18/2017', 'MM/DD/RR'), 9168361.0, 'C', 331609.0);

INSERT INTO ESSALUD (HI_NREG, HI_AUTASE, HI_NOMBRE, HI_FECNAC, HI_DIRECC, HI_FULTAT, HI_NDOCUM, HI_ESTCIV, HI_AMCTLPR) 
VALUES ('141', '5710120HLBTS002', 'HUILLCAHUARI BAUTISTA SERAFINA', to_date('10/12/1957', 'MM/DD/RR'), 'AAHH 30 DE MAYOMZ DLT01PROGRESO', to_date('03/19/2018', 'MM/DD/RR'), 8541294.0, 'C', 1678199.0);

INSERT INTO ESSALUD (HI_NREG, HI_AUTASE, HI_NOMBRE, HI_FECNAC, HI_DIRECC, HI_FULTAT, HI_NDOCUM, HI_ESTCIV, HI_AMCTLPR) 
VALUES ('145', '3012061MTSCR005', 'MONTERO SANCHEZ RICARDO', to_date('12/06/1930', 'MM/DD/RR'), 'LOS CARDOS195', to_date('05/23/2017', 'MM/DD/RR'), 6836516.0, 'C', 363269.0);

INSERT INTO ESSALUD (HI_NREG, HI_AUTASE, HI_NOMBRE, HI_FECNAC, HI_DIRECC, HI_FULTAT, HI_NDOCUM, HI_ESTCIV, HI_AMCTLPR) 
VALUES ('146', '3012130LMPLD007', 'LLAMOCCA PILLACA VDA. DE ROCA DAMASA', to_date('12/13/1930', 'MM/DD/RR'), 'MOQUEGUA196BARRENECHEA', to_date('03/27/2018', 'MM/DD/RR'), 6836846.0, 'S', 1504108.0);

INSERT INTO ESSALUD (HI_NREG, HI_AUTASE, HI_NOMBRE, HI_FECNAC, HI_DIRECC, HI_FULTAT, HI_NDOCUM, HI_ESTCIV, HI_AMCTLPR) 
VALUES ('148', '3101041OULER009', 'ORIUNDO LOPEZ ROBERTO', to_date('01/04/1931', 'MM/DD/RR'), 'AV TRAPICHELT08FUNDO STA MARIA', to_date('03/06/2017', 'MM/DD/RR'), 6830269.0, 'C', 1462386.0);

INSERT INTO ESSALUD (HI_NREG, HI_AUTASE, HI_NOMBRE, HI_FECNAC, HI_DIRECC, HI_FULTAT, HI_NDOCUM, HI_ESTCIV, HI_AMCTLPR) 
VALUES ('149', '3102121RRAAA003', 'RODRIGUEZ ARIAS ANTONIO MELESIO', to_date('02/12/1931', 'MM/DD/RR'), NULL, to_date('02/08/2018', 'MM/DD/RR'), 9547843.0, 'C', 1547471.0);

INSERT INTO ESSALUD (HI_NREG, HI_AUTASE, HI_NOMBRE, HI_FECNAC, HI_DIRECC, HI_FULTAT, HI_NDOCUM, HI_ESTCIV, HI_AMCTLPR) 
VALUES ('150', '4212020LDCEA008', 'LANDEO CABEZAS DE HUAMAN AURELIA PAD', to_date('12/02/1942', 'MM/DD/RR'), 'JR.JOSE PARDO#230 EL PROGRESO', to_date('03/07/2018', 'MM/DD/RR'), 6821701.0, 'C', 1497460.0);

INSERT INTO ESSALUD (HI_NREG, HI_AUTASE, HI_NOMBRE, HI_FECNAC, HI_DIRECC, HI_FULTAT, HI_NDOCUM, HI_ESTCIV, HI_AMCTLPR) 
VALUES ('151', '7607030HMLDR003', 'HUAMAN LANDEO ROSA PETRONILA', to_date('07/03/1976', 'MM/DD/RR'), 'JR.JOSE PARDO # 230 KM 19.5 EL PROGRESO', to_date('01/25/2018', 'MM/DD/RR'), 1.0217989E7, 'S', NULL);

INSERT INTO ESSALUD (HI_NREG, HI_AUTASE, HI_NOMBRE, HI_FECNAC, HI_DIRECC, HI_FULTAT, HI_NDOCUM, HI_ESTCIV, HI_AMCTLPR) 
VALUES ('152', '3102151HMMIG006', 'HUAMAN MERINO GODOFREDO', to_date('02/15/1931', 'MM/DD/RR'), 'GUADALBERTO102SAN JUAN BAUTIS', to_date('10/05/2015', 'MM/DD/RR'), 6829333.0, 'C', 1031016.0);

INSERT INTO ESSALUD (HI_NREG, HI_AUTASE, HI_NOMBRE, HI_FECNAC, HI_DIRECC, HI_FULTAT, HI_NDOCUM, HI_ESTCIV, HI_AMCTLPR) 
VALUES ('154', '4802111PDDZB007', 'PANDURO DIAZ BRUNO', to_date('02/11/1948', 'MM/DD/RR'), 'JR.NICOLAS DE PIEROLS/NA 230 RAUL PORR', to_date('02/15/2013', 'MM/DD/RR'), 6817860.0, 'C', 240135.0);

INSERT INTO ESSALUD (HI_NREG, HI_AUTASE, HI_NOMBRE, HI_FECNAC, HI_DIRECC, HI_FULTAT, HI_NDOCUM, HI_ESTCIV, HI_AMCTLPR) 
VALUES ('155', '3105251PIEIN002', 'PADILLA ESPINOZA NICANOR', to_date('05/25/1931', 'MM/DD/RR'), 'JR.LENIN 190 EL PROGRESO KM 19', to_date('07/17/2014', 'MM/DD/RR'), 6829294.0, 'C', NULL);

INSERT INTO ESSALUD (HI_NREG, HI_AUTASE, HI_NOMBRE, HI_FECNAC, HI_DIRECC, HI_FULTAT, HI_NDOCUM, HI_ESTCIV, HI_AMCTLPR) 
VALUES ('156', '3108141RIPTH008', 'RUMICHE PANTA HIPOLITO', to_date('08/14/1931', 'MM/DD/RR'), 'JR.SAN PEDRO DE CARAS/NBAYLLO 110 URB.', to_date('07/12/2014', 'MM/DD/RR'), 6825010.0, 'C', 289657.0);

INSERT INTO ESSALUD (HI_NREG, HI_AUTASE, HI_NOMBRE, HI_FECNAC, HI_DIRECC, HI_FULTAT, HI_NDOCUM, HI_ESTCIV, HI_AMCTLPR) 
VALUES ('157', '3109061GCDAT004', 'GARCIA DAMAS TEODORO', to_date('09/06/1931', 'MM/DD/RR'), 'CARRETERA CANTA COOP OLIVAREZ', to_date('11/09/2013', 'MM/DD/RR'), 1.5292666E7, 'C', 660583.0);

INSERT INTO ESSALUD (HI_NREG, HI_AUTASE, HI_NOMBRE, HI_FECNAC, HI_DIRECC, HI_FULTAT, HI_NDOCUM, HI_ESTCIV, HI_AMCTLPR) 
VALUES ('158', '3110121MIANS008', 'MEDINA ARANDIA SANTIAGO', to_date('10/12/1931', 'MM/DD/RR'), 'JR LOS JAZMINES278STA ISABEL', to_date('03/21/2018', 'MM/DD/RR'), 6825456.0, 'C', 1569934.0);

INSERT INTO ESSALUD (HI_NREG, HI_AUTASE, HI_NOMBRE, HI_FECNAC, HI_DIRECC, HI_FULTAT, HI_NDOCUM, HI_ESTCIV, HI_AMCTLPR) 
VALUES ('159', '3111021UOPTJ005', 'ULLOA PORTALES JUSTO', to_date('11/02/1931', 'MM/DD/RR'), 'MCAL. CACERES217', to_date('03/14/2018', 'MM/DD/RR'), 6832054.0, 'C', 1573128.0);

INSERT INTO ESSALUD (HI_NREG, HI_AUTASE, HI_NOMBRE, HI_FECNAC, HI_DIRECC, HI_FULTAT, HI_NDOCUM, HI_ESTCIV, HI_AMCTLPR) 
VALUES ('162', '3112151CTGMF000', 'CASTILLO GUZMAN FAUSTINO', to_date('12/15/1931', 'MM/DD/RR'), 'CAL. LOS LAURELES 12S/N2 EL PROGRESO', to_date('04/02/2018', 'MM/DD/RR'), 6823498.0, 'C', 1528392.0);

INSERT INTO ESSALUD (HI_NREG, HI_AUTASE, HI_NOMBRE, HI_FECNAC, HI_DIRECC, HI_FULTAT, HI_NDOCUM, HI_ESTCIV, HI_AMCTLPR) 
VALUES ('164', '3202191CDFRJ000', 'CALDERON FLORIAN JULIO SALVADOR', to_date('02/19/1932', 'MM/DD/RR'), 'AV.SAN MARTIN 410 URS/NB.STA.ISABEL', to_date('03/13/2018', 'MM/DD/RR'), 6824609.0, 'C', 1514021.0);

INSERT INTO ESSALUD (HI_NREG, HI_AUTASE, HI_NOMBRE, HI_FECNAC, HI_DIRECC, HI_FULTAT, HI_NDOCUM, HI_ESTCIV, HI_AMCTLPR) 
VALUES ('167', '3504211OOTRR008', 'ORDOÑEZ TORREZ RAUL', to_date('04/21/1935', 'MM/DD/RR'), 'AV 25 DE FEBRERS/N', to_date('03/24/2018', 'MM/DD/RR'), 9226442.0, 'C', 1492551.0);

INSERT INTO ESSALUD (HI_NREG, HI_AUTASE, HI_NOMBRE, HI_FECNAC, HI_DIRECC, HI_FULTAT, HI_NDOCUM, HI_ESTCIV, HI_AMCTLPR) 
VALUES ('169', '3205020LAVAJ002', 'LARA VEGA JUANA MARIA', to_date('05/02/1932', 'MM/DD/RR'), 'NO INFS/N', to_date('01/08/2015', 'MM/DD/RR'), 9173249.0, 'S', 758361.0);

INSERT INTO ESSALUD (HI_NREG, HI_AUTASE, HI_NOMBRE, HI_FECNAC, HI_DIRECC, HI_FULTAT, HI_NDOCUM, HI_ESTCIV, HI_AMCTLPR) 
VALUES ('170', '3205130BBQSF008', 'BARBARAN QUISPE DE LOPEZ FELICITA', to_date('05/13/1932', 'MM/DD/RR'), 'ASOC   POBLADORES DECAUDEVILLA  MZ', to_date('09/27/2017', 'MM/DD/RR'), 6830257.0, 'C', 1391791.0);

INSERT INTO ESSALUD (HI_NREG, HI_AUTASE, HI_NOMBRE, HI_FECNAC, HI_DIRECC, HI_FULTAT, HI_NDOCUM, HI_ESTCIV, HI_AMCTLPR) 
VALUES ('173', '3008010MTSDE000', 'MONTENEGRO SALDARRIAGA ESPERANZA', to_date('08/01/1930', 'MM/DD/RR'), 'JR LAS BEGONIAS470STA ISBEL', to_date('10/12/2017', 'MM/DD/RR'), 9228026.0, 'C', 1471959.0);

INSERT INTO ESSALUD (HI_NREG, HI_AUTASE, HI_NOMBRE, HI_FECNAC, HI_DIRECC, HI_FULTAT, HI_NDOCUM, HI_ESTCIV, HI_AMCTLPR) 
VALUES ('174', '3208190CZHNL009', 'DE LA CRUZ HERNANDEZ DE GAMARRA LUISA DO', to_date('08/19/1932', 'MM/DD/RR'), 'JR CHICLAYO181', to_date('03/19/2018', 'MM/DD/RR'), 6820317.0, 'V', 1460048.0);

INSERT INTO ESSALUD (HI_NREG, HI_AUTASE, HI_NOMBRE, HI_FECNAC, HI_DIRECC, HI_FULTAT, HI_NDOCUM, HI_ESTCIV, HI_AMCTLPR) 
VALUES ('175', '3212221PANRH009', 'POLACK NEGRETE HECTOR ZENON', to_date('12/22/1932', 'MM/DD/RR'), 'PSJE VISTA ALEG180', to_date('06/24/2017', 'MM/DD/RR'), 1.0215529E7, 'C', 879377.0);

INSERT INTO ESSALUD (HI_NREG, HI_AUTASE, HI_NOMBRE, HI_FECNAC, HI_DIRECC, HI_FULTAT, HI_NDOCUM, HI_ESTCIV, HI_AMCTLPR) 
VALUES ('176', '3212251VCMEM007', 'VILCAPOMA MATEO MANUEL JESUS', to_date('12/25/1932', 'MM/DD/RR'), 'JR.MIGUEL LANDA 380TUNGASUCA', to_date('03/16/2018', 'MM/DD/RR'), 1.5280826E7, 'C', 1530007.0);

INSERT INTO ESSALUD (HI_NREG, HI_AUTASE, HI_NOMBRE, HI_FECNAC, HI_DIRECC, HI_FULTAT, HI_NDOCUM, HI_ESTCIV, HI_AMCTLPR) 
VALUES ('177', '3301301TOEAA008', 'TENORIO ESCALANTE ARMANDO', to_date('01/30/1933', 'MM/DD/RR'), 'TUPAC AMARU 18.500S/N', to_date('10/12/2017', 'MM/DD/RR'), 6822863.0, 'C', NULL);

INSERT INTO ESSALUD (HI_NREG, HI_AUTASE, HI_NOMBRE, HI_FECNAC, HI_DIRECC, HI_FULTAT, HI_NDOCUM, HI_ESTCIV, HI_AMCTLPR) 
VALUES ('178', '3302010TICZE009', 'TORIBIO DE LA CRUZ ELVIRA', to_date('02/01/1933', 'MM/DD/RR'), 'MOQUEGUA114', to_date('02/24/2016', 'MM/DD/RR'), 9168421.0, 'S', 1096189.0);

INSERT INTO ESSALUD (HI_NREG, HI_AUTASE, HI_NOMBRE, HI_FECNAC, HI_DIRECC, HI_FULTAT, HI_NDOCUM, HI_ESTCIV, HI_AMCTLPR) 
VALUES ('179', '3302161QSLMG009', 'QUISPE LLAMOCURY GUILLERMO', to_date('02/16/1933', 'MM/DD/RR'), 'AV MARIONO CONDORCANQUI 412 URB TUNGAZUCA', to_date('03/15/2018', 'MM/DD/RR'), 6831392.0, 'C', 1481227.0);

INSERT INTO ESSALUD (HI_NREG, HI_AUTASE, HI_NOMBRE, HI_FECNAC, HI_DIRECC, HI_FULTAT, HI_NDOCUM, HI_ESTCIV, HI_AMCTLPR) 
VALUES ('185', '3305231CSAIT007', 'CRISPIN ALBINO TEOFILO', to_date('05/23/1933', 'MM/DD/RR'), 'MERINO REYES291REAL P. BARRANE', to_date('03/28/2018', 'MM/DD/RR'), 6818387.0, 'C', 1479126.0);

INSERT INTO ESSALUD (HI_NREG, HI_AUTASE, HI_NOMBRE, HI_FECNAC, HI_DIRECC, HI_FULTAT, HI_NDOCUM, HI_ESTCIV, HI_AMCTLPR) 
VALUES ('186', '8903010CSVAR007', 'CRISPIN VIDAL ROCIO DEL PILAR', to_date('03/01/1989', 'MM/DD/RR'), 'AV.M. REYNA291', to_date('02/12/2016', 'MM/DD/RR'), 4.5578558E7, 'S', NULL);

INSERT INTO ESSALUD (HI_NREG, HI_AUTASE, HI_NOMBRE, HI_FECNAC, HI_DIRECC, HI_FULTAT, HI_NDOCUM, HI_ESTCIV, HI_AMCTLPR) 
VALUES ('187', '4901160VAIDF004', 'VIDAL ISIDRO FULGENCIA', to_date('01/16/1949', 'MM/DD/RR'), 'AV MERINO REYNA291R P BARRENECHEA', to_date('03/09/2018', 'MM/DD/RR'), 6818187.0, 'C', 1424264.0);

INSERT INTO ESSALUD (HI_NREG, HI_AUTASE, HI_NOMBRE, HI_FECNAC, HI_DIRECC, HI_FULTAT, HI_NDOCUM, HI_ESTCIV, HI_AMCTLPR) 
VALUES ('189', '3306171VQQSM006', 'VASQUEZ QUISPE MANUEL', to_date('06/17/1933', 'MM/DD/RR'), 'JR LOS MIRTOS 193 URB SANTA ISABEL', to_date('03/27/2018', 'MM/DD/RR'), 6826537.0, 'S', 1622470.0);

INSERT INTO ESSALUD (HI_NREG, HI_AUTASE, HI_NOMBRE, HI_FECNAC, HI_DIRECC, HI_FULTAT, HI_NDOCUM, HI_ESTCIV, HI_AMCTLPR) 
VALUES ('191', '3907300PHZAA006', 'PALHUA ZEVALLOS DE PENADILL ANA', to_date('07/30/1939', 'MM/DD/RR'), 'AV MANUEL PRADO150', to_date('03/13/2018', 'MM/DD/RR'), 9171908.0, 'C', 1671296.0);

INSERT INTO ESSALUD (HI_NREG, HI_AUTASE, HI_NOMBRE, HI_FECNAC, HI_DIRECC, HI_FULTAT, HI_NDOCUM, HI_ESTCIV, HI_AMCTLPR) 
VALUES ('192', '3307261SVRAM004', 'SILVA RIMAS MAXIMO', to_date('07/26/1933', 'MM/DD/RR'), 'MANUEL A.ODRIA106', to_date('05/31/2017', 'MM/DD/RR'), 6836960.0, 'S', 1109366.0);

INSERT INTO ESSALUD (HI_NREG, HI_AUTASE, HI_NOMBRE, HI_FECNAC, HI_DIRECC, HI_FULTAT, HI_NDOCUM, HI_ESTCIV, HI_AMCTLPR) 
VALUES ('194', '3308231PAQSF007', 'PERALES QUISPE FELIPE', to_date('08/23/1933', 'MM/DD/RR'), 'MICAELA BASTIDAS114URB SANTA ISABE', to_date('03/12/2018', 'MM/DD/RR'), 9228271.0, 'C', 1597330.0);

INSERT INTO ESSALUD (HI_NREG, HI_AUTASE, HI_NOMBRE, HI_FECNAC, HI_DIRECC, HI_FULTAT, HI_NDOCUM, HI_ESTCIV, HI_AMCTLPR) 
VALUES ('195', '3309020CNTRM000', 'CUENCA TORRES DE GONZALES MARGARITA GLAD', to_date('09/02/1933', 'MM/DD/RR'), 'JR LAS MARGARIT121STA ISABEL', to_date('01/30/2018', 'MM/DD/RR'), 6836591.0, 'C', 1631994.0);

INSERT INTO ESSALUD (HI_NREG, HI_AUTASE, HI_NOMBRE, HI_FECNAC, HI_DIRECC, HI_FULTAT, HI_NDOCUM, HI_ESTCIV, HI_AMCTLPR) 
VALUES ('196', '3309111MABAE002', 'MINAYA BAZAN EMILIANO', to_date('09/11/1933', 'MM/DD/RR'), 'RAMON CASTILLA 288 EL PROGRESO', to_date('01/19/2018', 'MM/DD/RR'), 6821239.0, 'C', 1430957.0);

INSERT INTO ESSALUD (HI_NREG, HI_AUTASE, HI_NOMBRE, HI_FECNAC, HI_DIRECC, HI_FULTAT, HI_NDOCUM, HI_ESTCIV, HI_AMCTLPR) 
VALUES ('197', '4111090REBVN001', 'ROMERO BRAVO DE MINAYA NICOLASA', to_date('11/09/1941', 'MM/DD/RR'), 'JR. RAMON CASTILLA # 288', to_date('04/03/2018', 'MM/DD/RR'), 6820684.0, 'C', 1497172.0);

INSERT INTO ESSALUD (HI_NREG, HI_AUTASE, HI_NOMBRE, HI_FECNAC, HI_DIRECC, HI_FULTAT, HI_NDOCUM, HI_ESTCIV, HI_AMCTLPR) 
VALUES ('199', '3309241RUPPM009', 'REQUIS PALPA MERCEDES', to_date('09/24/1933', 'MM/DD/RR'), 'PIURA MZ 6A LT 8 ELS/N', to_date('01/24/2018', 'MM/DD/RR'), 6821441.0, 'C', 1488916.0);

INSERT INTO ESSALUD (HI_NREG, HI_AUTASE, HI_NOMBRE, HI_FECNAC, HI_DIRECC, HI_FULTAT, HI_NDOCUM, HI_ESTCIV, HI_AMCTLPR) 
VALUES ('202', '3310131HTSAL001', 'HURTADO SALAZAR LUIS ERNESTO', to_date('10/13/1933', 'MM/DD/RR'), 'JR.SAN PEDRO DE628STA.ISABEL', to_date('10/27/2017', 'MM/DD/RR'), 6826641.0, 'C', 1524275.0);

INSERT INTO ESSALUD (HI_NREG, HI_AUTASE, HI_NOMBRE, HI_FECNAC, HI_DIRECC, HI_FULTAT, HI_NDOCUM, HI_ESTCIV, HI_AMCTLPR) 
VALUES ('203', '3310161HNRAG002', 'HORNA RIMARACHIN GABRIEL', to_date('10/16/1933', 'MM/DD/RR'), 'NO INFS/N', to_date('03/09/2018', 'MM/DD/RR'), 9172005.0, 'C', 1532865.0);

INSERT INTO ESSALUD (HI_NREG, HI_AUTASE, HI_NOMBRE, HI_FECNAC, HI_DIRECC, HI_FULTAT, HI_NDOCUM, HI_ESTCIV, HI_AMCTLPR) 
VALUES ('204', '3312170CLCRL004', 'COLLANTES CAIRO LUZ MARIA', to_date('12/17/1933', 'MM/DD/RR'), 'JR. JOSE BALTA 144S/N', to_date('02/10/2018', 'MM/DD/RR'), 6819751.0, 'S', 1329627.0);

INSERT INTO ESSALUD (HI_NREG, HI_AUTASE, HI_NOMBRE, HI_FECNAC, HI_DIRECC, HI_FULTAT, HI_NDOCUM, HI_ESTCIV, HI_AMCTLPR) 
VALUES ('205', '3401141TAROH006', 'TAMARA RAMOS HILARIO FELIX', to_date('01/14/1934', 'MM/DD/RR'), 'NO INFS/N', to_date('12/29/2017', 'MM/DD/RR'), 6825649.0, 'C', 1578973.0);

INSERT INTO ESSALUD (HI_NREG, HI_AUTASE, HI_NOMBRE, HI_FECNAC, HI_DIRECC, HI_FULTAT, HI_NDOCUM, HI_ESTCIV, HI_AMCTLPR) 
VALUES ('206', '3202260SELAA001', 'SOTELO LUNA ARMANDA CERVENIA', to_date('02/26/1932', 'MM/DD/RR'), 'VILLA EL POLVORMZDLT8', to_date('07/27/2013', 'MM/DD/RR'), 6824856.0, 'S', 411815.0);

INSERT INTO ESSALUD (HI_NREG, HI_AUTASE, HI_NOMBRE, HI_FECNAC, HI_DIRECC, HI_FULTAT, HI_NDOCUM, HI_ESTCIV, HI_AMCTLPR) 
VALUES ('207', '7511050TASEL001', 'TAMARA SOTELO LINDA SILVANA', to_date('11/05/1975', 'MM/DD/RR'), 'VILLAEL POLVORIMZ-DLT-8', to_date('09/25/2017', 'MM/DD/RR'), 1.0216555E7, 'C', 1518262.0);

INSERT INTO ESSALUD (HI_NREG, HI_AUTASE, HI_NOMBRE, HI_FECNAC, HI_DIRECC, HI_FULTAT, HI_NDOCUM, HI_ESTCIV, HI_AMCTLPR) 
VALUES ('208', '4002200CTAEM001', 'CORTEZ ARPE MAXIMILIAN', to_date('02/20/1940', 'MM/DD/RR'), 'MZ A LT 23S/NLUCYANA', to_date('07/12/2013', 'MM/DD/RR'), 9169160.0, 'C', 653742.0);

INSERT INTO ESSALUD (HI_NREG, HI_AUTASE, HI_NOMBRE, HI_FECNAC, HI_DIRECC, HI_FULTAT, HI_NDOCUM, HI_ESTCIV, HI_AMCTLPR) 
VALUES ('210', '3402251LCCOA001', 'LLACHUA CERON APARICIO', to_date('02/25/1934', 'MM/DD/RR'), 'NO INFS/N', to_date('03/06/2018', 'MM/DD/RR'), 6825505.0, 'C', 1571543.0);

INSERT INTO ESSALUD (HI_NREG, HI_AUTASE, HI_NOMBRE, HI_FECNAC, HI_DIRECC, HI_FULTAT, HI_NDOCUM, HI_ESTCIV, HI_AMCTLPR) 
VALUES ('212', '3403120VACDH007', 'VEGA CALDERON HUMBELINDA', to_date('03/12/1934', 'MM/DD/RR'), 'AV. TUPAC AMARU 1637S/N', to_date('03/22/2018', 'MM/DD/RR'), 6818058.0, 'S', 1617679.0);

INSERT INTO ESSALUD (HI_NREG, HI_AUTASE, HI_NOMBRE, HI_FECNAC, HI_DIRECC, HI_FULTAT, HI_NDOCUM, HI_ESTCIV, HI_AMCTLPR) 
VALUES ('213', '4008160ACAUJ009', 'ARECHE ASTUPILLO JACINTA', to_date('08/16/1940', 'MM/DD/RR'), 'SIEMPRE VIVA184', to_date('03/03/2018', 'MM/DD/RR'), 8082519.0, 'C', 1403088.0);

INSERT INTO ESSALUD (HI_NREG, HI_AUTASE, HI_NOMBRE, HI_FECNAC, HI_DIRECC, HI_FULTAT, HI_NDOCUM, HI_ESTCIV, HI_AMCTLPR) 
VALUES ('214', '5507020CVCTY004', 'CHAVEZ CONTRERAS DE HUANCA YSABELA', to_date('07/02/1955', 'MM/DD/RR'), 'LOS TUMISMZCHLT22TUNGASUCA', to_date('03/27/2018', 'MM/DD/RR'), 6828323.0, 'C', 1638378.0);

INSERT INTO ESSALUD (HI_NREG, HI_AUTASE, HI_NOMBRE, HI_FECNAC, HI_DIRECC, HI_FULTAT, HI_NDOCUM, HI_ESTCIV, HI_AMCTLPR) 
VALUES ('215', '3406071EIVLF004', 'ESPINOZA VILLANUEVA FERMIN', to_date('06/07/1934', 'MM/DD/RR'), 'JR.SANCHEZ CERR279EL PROGRESO', to_date('10/21/2014', 'MM/DD/RR'), 6823077.0, 'S', 422513.0);

INSERT INTO ESSALUD (HI_NREG, HI_AUTASE, HI_NOMBRE, HI_FECNAC, HI_DIRECC, HI_FULTAT, HI_NDOCUM, HI_ESTCIV, HI_AMCTLPR) 
VALUES ('218', '3407210RNVII005', 'REYNOSO VELIZ DE CIURLIZZA ISOLINA', to_date('07/21/1934', 'MM/DD/RR'), 'JR LOS SAUCES257STA ISABEL', to_date('03/30/2017', 'MM/DD/RR'), 6836061.0, 'C', 1364061.0);

INSERT INTO ESSALUD (HI_NREG, HI_AUTASE, HI_NOMBRE, HI_FECNAC, HI_DIRECC, HI_FULTAT, HI_NDOCUM, HI_ESTCIV, HI_AMCTLPR) 
VALUES ('219', '3407240ROBAE004', 'RAMON BAZAN EVA GLADIS', to_date('07/24/1934', 'MM/DD/RR'), 'AV. MICAELA BASTIDASS/N 375 URB. SANTA', to_date('03/15/2018', 'MM/DD/RR'), 9169318.0, 'V', NULL);

INSERT INTO ESSALUD (HI_NREG, HI_AUTASE, HI_NOMBRE, HI_FECNAC, HI_DIRECC, HI_FULTAT, HI_NDOCUM, HI_ESTCIV, HI_AMCTLPR) 
VALUES ('221', '3409171GEMQS009', 'GREEN MARQUINA SANTIAGO', to_date('09/17/1934', 'MM/DD/RR'), 'MZ G LT 05S/NLOS ALAMOS', to_date('03/09/2018', 'MM/DD/RR'), 1.0402969E7, 'D', 1621505.0);

INSERT INTO ESSALUD (HI_NREG, HI_AUTASE, HI_NOMBRE, HI_FECNAC, HI_DIRECC, HI_FULTAT, HI_NDOCUM, HI_ESTCIV, HI_AMCTLPR) 
VALUES ('222', '3410051CHSIF004', 'CASHPA SOLIS FAUSTO DONATO', to_date('10/05/1934', 'MM/DD/RR'), 'PROL.BENAVIDES      234     PROGRESO', to_date('08/28/2014', 'MM/DD/RR'), 6823191.0, 'C', 315516.0);

INSERT INTO ESSALUD (HI_NREG, HI_AUTASE, HI_NOMBRE, HI_FECNAC, HI_DIRECC, HI_FULTAT, HI_NDOCUM, HI_ESTCIV, HI_AMCTLPR) 
VALUES ('224', '3410221CAVQE008', 'CAMACHO VASQUEZ EUSEBIO', to_date('10/22/1934', 'MM/DD/RR'), 'NO INFS/N', to_date('12/14/2016', 'MM/DD/RR'), 1.0405669E7, 'C', 1376582.0);

INSERT INTO ESSALUD (HI_NREG, HI_AUTASE, HI_NOMBRE, HI_FECNAC, HI_DIRECC, HI_FULTAT, HI_NDOCUM, HI_ESTCIV, HI_AMCTLPR) 
VALUES ('225', '3412071SCMAA002', 'SURCO MIRANDA AGAPITO FELIX', to_date('12/07/1934', 'MM/DD/RR'), 'JR RAMON CASTIL260EL PROGRESO -CA', to_date('07/04/2016', 'MM/DD/RR'), 6828161.0, 'C', NULL);

INSERT INTO ESSALUD (HI_NREG, HI_AUTASE, HI_NOMBRE, HI_FECNAC, HI_DIRECC, HI_FULTAT, HI_NDOCUM, HI_ESTCIV, HI_AMCTLPR) 
VALUES ('226', '3606010MEBCD004', 'MORENO BALCAZAR DELFINA GRACIELA', to_date('06/01/1936', 'MM/DD/RR'), 'JOSE OLAYA575', to_date('03/28/2018', 'MM/DD/RR'), 9168809.0, 'C', 1684178.0);

INSERT INTO ESSALUD (HI_NREG, HI_AUTASE, HI_NOMBRE, HI_FECNAC, HI_DIRECC, HI_FULTAT, HI_NDOCUM, HI_ESTCIV, HI_AMCTLPR) 
VALUES ('227', '3201131ERFNA002', 'ESTRADA FERNANDEZ ARCADIO', to_date('01/13/1932', 'MM/DD/RR'), 'PSJE.PRIMAVERA140LA FLOR', to_date('12/30/2016', 'MM/DD/RR'), 6818795.0, 'C', 1408570.0);

INSERT INTO ESSALUD (HI_NREG, HI_AUTASE, HI_NOMBRE, HI_FECNAC, HI_DIRECC, HI_FULTAT, HI_NDOCUM, HI_ESTCIV, HI_AMCTLPR) 
VALUES ('228', '3605130GICRG003', 'GALIANO CARRASCO VDA DE MELG GRICELDA', to_date('05/13/1936', 'MM/DD/RR'), '3 DE OCTUBRE1AH 9 DE SETIEMB', to_date('05/21/2013', 'MM/DD/RR'), 6830852.0, 'V', 299481.0);

INSERT INTO ESSALUD (HI_NREG, HI_AUTASE, HI_NOMBRE, HI_FECNAC, HI_DIRECC, HI_FULTAT, HI_NDOCUM, HI_ESTCIV, HI_AMCTLPR) 
VALUES ('231', '4512310MIAIA002', 'MEJIA AGUIRRE DE MACHICAO AMERICA', to_date('12/31/1945', 'MM/DD/RR'), 'CALLEE36LUCYANA', to_date('03/19/2018', 'MM/DD/RR'), 6826718.0, 'C', 1548721.0);

INSERT INTO ESSALUD (HI_NREG, HI_AUTASE, HI_NOMBRE, HI_FECNAC, HI_DIRECC, HI_FULTAT, HI_NDOCUM, HI_ESTCIV, HI_AMCTLPR) 
VALUES ('232', '3503180CBREJ008', 'CARBONE RIVERA DE BELEVAN JOSEFINA ALEJA', to_date('03/18/1935', 'MM/DD/RR'), 'AV SAN MARTIN277STA ISABEL', to_date('02/28/2018', 'MM/DD/RR'), 7339053.0, 'C', 1596336.0);

INSERT INTO ESSALUD (HI_NREG, HI_AUTASE, HI_NOMBRE, HI_FECNAC, HI_DIRECC, HI_FULTAT, HI_NDOCUM, HI_ESTCIV, HI_AMCTLPR) 
VALUES ('233', '4405260VLHBB008', 'VILLARREAL HERBOZO DE MARTEL BERTILA', to_date('05/26/1944', 'MM/DD/RR'), 'AVMZ ELT37STO DOMINGO I', to_date('03/23/2018', 'MM/DD/RR'), 6868169.0, 'V', 1401063.0);

INSERT INTO ESSALUD (HI_NREG, HI_AUTASE, HI_NOMBRE, HI_FECNAC, HI_DIRECC, HI_FULTAT, HI_NDOCUM, HI_ESTCIV, HI_AMCTLPR) 
VALUES ('235', '3507290AUMTF004', 'AUQUE MONTERA DE TORRES FAUSTINA', to_date('07/29/1935', 'MM/DD/RR'), 'JR JOSE OLAYA218R P BARRENECHEA', to_date('03/19/2018', 'MM/DD/RR'), 6822400.0, 'C', 1439945.0);

INSERT INTO ESSALUD (HI_NREG, HI_AUTASE, HI_NOMBRE, HI_FECNAC, HI_DIRECC, HI_FULTAT, HI_NDOCUM, HI_ESTCIV, HI_AMCTLPR) 
VALUES ('236', '4112300SCTRM007', 'SULCA TORRES DE ICHACCAYA MARIA', to_date('12/30/1941', 'MM/DD/RR'), 'ASOC VIV VILLA SANTA MARIA MZD LOT46', to_date('10/25/2013', 'MM/DD/RR'), 6830331.0, 'C', 664018.0);

INSERT INTO ESSALUD (HI_NREG, HI_AUTASE, HI_NOMBRE, HI_FECNAC, HI_DIRECC, HI_FULTAT, HI_NDOCUM, HI_ESTCIV, HI_AMCTLPR) 
VALUES ('237', '4703070SDCHE000', 'SALDAÑA CHIHUAN EUSEBIA', to_date('03/07/1947', 'MM/DD/RR'), 'JR IGNACIO  PRA258', to_date('07/17/2017', 'MM/DD/RR'), 6821925.0, 'V', 1541208.0);

INSERT INTO ESSALUD (HI_NREG, HI_AUTASE, HI_NOMBRE, HI_FECNAC, HI_DIRECC, HI_FULTAT, HI_NDOCUM, HI_ESTCIV, HI_AMCTLPR) 
VALUES ('238', '4411250TVURS007', 'TRAVEZANO DE UGARTE SUSANA HONORATA', to_date('11/25/1944', 'MM/DD/RR'), 'AV TUPAC AMARU 505EL PROGRESO', to_date('01/13/2016', 'MM/DD/RR'), 4027057.0, 'C', 1012601.0);

INSERT INTO ESSALUD (HI_NREG, HI_AUTASE, HI_NOMBRE, HI_FECNAC, HI_DIRECC, HI_FULTAT, HI_NDOCUM, HI_ESTCIV, HI_AMCTLPR) 
VALUES ('239', '3601011AEVCC008', 'ABREGU VILCHEZ CESAR', to_date('01/01/1936', 'MM/DD/RR'), 'AV.MARINO REYNA631R.PORRAS B.', to_date('01/26/2018', 'MM/DD/RR'), 6821467.0, 'C', 1362420.0);

INSERT INTO ESSALUD (HI_NREG, HI_AUTASE, HI_NOMBRE, HI_FECNAC, HI_DIRECC, HI_FULTAT, HI_NDOCUM, HI_ESTCIV, HI_AMCTLPR) 
VALUES ('240', '3603251OESTR000', 'ORMENO SANTIBANEZ RICARDO', to_date('03/25/1936', 'MM/DD/RR'), 'JR. MIGUEL GRAU283EL PROGRESO', to_date('04/03/2018', 'MM/DD/RR'), 6829224.0, 'C', 1525450.0);

INSERT INTO ESSALUD (HI_NREG, HI_AUTASE, HI_NOMBRE, HI_FECNAC, HI_DIRECC, HI_FULTAT, HI_NDOCUM, HI_ESTCIV, HI_AMCTLPR) 
VALUES ('241', '4204170BNTEM006', 'BERNAOLA TOLEDO MARIA ENGRACIA', to_date('04/17/1942', 'MM/DD/RR'), 'JR JORGE CHAVEZ350CARABAYLLO', to_date('07/11/2017', 'MM/DD/RR'), 9226435.0, 'C', 1372551.0);

INSERT INTO ESSALUD (HI_NREG, HI_AUTASE, HI_NOMBRE, HI_FECNAC, HI_DIRECC, HI_FULTAT, HI_NDOCUM, HI_ESTCIV, HI_AMCTLPR) 
VALUES ('242', '3604021JAPAG001', 'JARAMILLO PELAEZ GERARDO', to_date('04/02/1936', 'MM/DD/RR'), 'AV SAN MARTIN 193 URB SANTA ISABEL', to_date('11/15/2017', 'MM/DD/RR'), 6825213.0, 'C', 1429687.0);

INSERT INTO ESSALUD (HI_NREG, HI_AUTASE, HI_NOMBRE, HI_FECNAC, HI_DIRECC, HI_FULTAT, HI_NDOCUM, HI_ESTCIV, HI_AMCTLPR) 
VALUES ('243', '3509240TARLM008', 'TATAJE ROBLES VDA  DE LAZO MERCEDES', to_date('09/24/1935', 'MM/DD/RR'), 'JR LOS EUCALIPTOS 127sta isabel', to_date('03/28/2018', 'MM/DD/RR'), 6836188.0, 'V', 1672292.0);

INSERT INTO ESSALUD (HI_NREG, HI_AUTASE, HI_NOMBRE, HI_FECNAC, HI_DIRECC, HI_FULTAT, HI_NDOCUM, HI_ESTCIV, HI_AMCTLPR) 
VALUES ('244', '3604041AEAAD009', 'ASTETE ALVAREZ DIONICIO HUGO', to_date('04/04/1936', 'MM/DD/RR'), 'CHICLAYO 261 P.S/NEL PROGRESO', to_date('05/02/2015', 'MM/DD/RR'), 6820027.0, 'C', 1011848.0);

INSERT INTO ESSALUD (HI_NREG, HI_AUTASE, HI_NOMBRE, HI_FECNAC, HI_DIRECC, HI_FULTAT, HI_NDOCUM, HI_ESTCIV, HI_AMCTLPR) 
VALUES ('245', '3604120RSBAC000', 'RIOS BARAZORDA DE LLOCLLA CONSTANTIN', to_date('04/12/1936', 'MM/DD/RR'), 'CHIMPU OCLLO268LUCYANA', to_date('09/09/2014', 'MM/DD/RR'), 1.0405428E7, 'C', 744451.0);

INSERT INTO ESSALUD (HI_NREG, HI_AUTASE, HI_NOMBRE, HI_FECNAC, HI_DIRECC, HI_FULTAT, HI_NDOCUM, HI_ESTCIV, HI_AMCTLPR) 
VALUES ('247', '3604241GZSOF007', 'GONZALES SOTOMAYOR FIDEL GREGORIO', to_date('04/24/1936', 'MM/DD/RR'), 'PROLONG. SAMANES/NMPO 132 EL PROG', to_date('03/23/2018', 'MM/DD/RR'), 6835214.0, 'C', 1609040.0);

INSERT INTO ESSALUD (HI_NREG, HI_AUTASE, HI_NOMBRE, HI_FECNAC, HI_DIRECC, HI_FULTAT, HI_NDOCUM, HI_ESTCIV, HI_AMCTLPR) 
VALUES ('250', '3606130CVMIM006', 'CHAVEZ MEDINA MARIA ANTONIETA', to_date('06/13/1936', 'MM/DD/RR'), 'M. PRADO EST.173 MZ.', to_date('03/12/2018', 'MM/DD/RR'), 6835779.0, 'C', 1672009.0);

INSERT INTO ESSALUD (HI_NREG, HI_AUTASE, HI_NOMBRE, HI_FECNAC, HI_DIRECC, HI_FULTAT, HI_NDOCUM, HI_ESTCIV, HI_AMCTLPR) 
VALUES ('251', '3609231JEALL008', 'JUNES AVILA LINO ANDRES', to_date('09/23/1936', 'MM/DD/RR'), 'RAMON CASTILLA      241', to_date('06/13/2014', 'MM/DD/RR'), 6831150.0, 'S', 467782.0);

INSERT INTO ESSALUD (HI_NREG, HI_AUTASE, HI_NOMBRE, HI_FECNAC, HI_DIRECC, HI_FULTAT, HI_NDOCUM, HI_ESTCIV, HI_AMCTLPR) 
VALUES ('255', '3611221MAVAG007', 'MOZANAPON VERASTEGUI GRIMALDO', to_date('11/22/1936', 'MM/DD/RR'), 'PROLO JOSE BALT276PROGRESO', to_date('09/25/2013', 'MM/DD/RR'), 6823418.0, 'C', 168464.0);

INSERT INTO ESSALUD (HI_NREG, HI_AUTASE, HI_NOMBRE, HI_FECNAC, HI_DIRECC, HI_FULTAT, HI_NDOCUM, HI_ESTCIV, HI_AMCTLPR) 
VALUES ('256', '4210220CLGRM003', 'COELLO GUERRERO MARIA MELANIA', to_date('10/22/1942', 'MM/DD/RR'), 'JR.ALF. UGARTE176R.PORRAS B.', to_date('03/15/2018', 'MM/DD/RR'), 6827745.0, 'C', 1510689.0);

INSERT INTO ESSALUD (HI_NREG, HI_AUTASE, HI_NOMBRE, HI_FECNAC, HI_DIRECC, HI_FULTAT, HI_NDOCUM, HI_ESTCIV, HI_AMCTLPR) 
VALUES ('257', '3711291SVGOM002', 'SILVA GIRON MANUEL DEMETRIO', to_date('11/29/1937', 'MM/DD/RR'), 'ALFONSO UGARTE176R.PORRAS BARREN', to_date('02/19/2018', 'MM/DD/RR'), 6823809.0, 'C', 1391546.0);

INSERT INTO ESSALUD (HI_NREG, HI_AUTASE, HI_NOMBRE, HI_FECNAC, HI_DIRECC, HI_FULTAT, HI_NDOCUM, HI_ESTCIV, HI_AMCTLPR) 
VALUES ('258', '3612070LOHOM006', 'LAGOS HINOSTROZA DE ORIUND MARIA DONATIL', to_date('12/07/1936', 'MM/DD/RR'), 'LIMA228', to_date('01/29/2016', 'MM/DD/RR'), 6821673.0, 'C', 1108072.0);

INSERT INTO ESSALUD (HI_NREG, HI_AUTASE, HI_NOMBRE, HI_FECNAC, HI_DIRECC, HI_FULTAT, HI_NDOCUM, HI_ESTCIV, HI_AMCTLPR) 
VALUES ('262', '3701291JEVLF002', 'JIMENEZ VILLEGAS FRANCISCO VALERIO', to_date('01/29/1937', 'MM/DD/RR'), 'JR LA VERONICA178STA ISABEL', to_date('03/14/2018', 'MM/DD/RR'), 6273033.0, 'C', NULL);

INSERT INTO ESSALUD (HI_NREG, HI_AUTASE, HI_NOMBRE, HI_FECNAC, HI_DIRECC, HI_FULTAT, HI_NDOCUM, HI_ESTCIV, HI_AMCTLPR) 
VALUES ('263', '7707300JACDM007', 'JARA CORDOVA MARIA MERCEDES', to_date('07/30/1977', 'MM/DD/RR'), 'ANDRES AVELINO431', to_date('01/04/2017', 'MM/DD/RR'), 1.0409093E7, 'S', NULL);

INSERT INTO ESSALUD (HI_NREG, HI_AUTASE, HI_NOMBRE, HI_FECNAC, HI_DIRECC, HI_FULTAT, HI_NDOCUM, HI_ESTCIV, HI_AMCTLPR) 
VALUES ('266', '3703300CNCNJ009', 'CHANG CISNEROS VDA DE BASU JUANA LUCILA', to_date('03/30/1937', 'MM/DD/RR'), 'CALLE LAS ROSA 165sta isabel', to_date('01/20/2018', 'MM/DD/RR'), 6828927.0, 'V', 1573133.0);

INSERT INTO ESSALUD (HI_NREG, HI_AUTASE, HI_NOMBRE, HI_FECNAC, HI_DIRECC, HI_FULTAT, HI_NDOCUM, HI_ESTCIV, HI_AMCTLPR) 
VALUES ('267', '3704231NRPEJ001', 'NEYRA PEREZ JORGE', to_date('04/23/1937', 'MM/DD/RR'), 'JR.MANUEL ODRIA', to_date('03/14/2018', 'MM/DD/RR'), 6835314.0, 'S', 1459420.0);

INSERT INTO ESSALUD (HI_NREG, HI_AUTASE, HI_NOMBRE, HI_FECNAC, HI_DIRECC, HI_FULTAT, HI_NDOCUM, HI_ESTCIV, HI_AMCTLPR) 
VALUES ('268', '4506270CEANZ005', 'CADENAS ARANGUREN ZOILA MERC', to_date('06/27/1945', 'MM/DD/RR'), 'PROL ANDRES A CACERES 239 PROGRESO', to_date('08/05/2017', 'MM/DD/RR'), 9173251.0, 'C', 1408335.0);

INSERT INTO ESSALUD (HI_NREG, HI_AUTASE, HI_NOMBRE, HI_FECNAC, HI_DIRECC, HI_FULTAT, HI_NDOCUM, HI_ESTCIV, HI_AMCTLPR) 
VALUES ('269', '3704280SAZAB004', 'SAMAME ZAVALETA VDA DE GOME BLANCA ROSA', to_date('04/28/1937', 'MM/DD/RR'), 'JR  MIGUEL  GRAU  22S/N7 RAUL PORRAS B', to_date('09/24/2013', 'MM/DD/RR'), 9170120.0, 'V', 520412.0);

INSERT INTO ESSALUD (HI_NREG, HI_AUTASE, HI_NOMBRE, HI_FECNAC, HI_DIRECC, HI_FULTAT, HI_NDOCUM, HI_ESTCIV, HI_AMCTLPR) 
VALUES ('270', '4606160PCPOL006', 'PONCE PICON DE MALPARTIDA LUDGARDA JESUS', to_date('06/16/1946', 'MM/DD/RR'), 'JR AREQUIPA320', to_date('03/14/2018', 'MM/DD/RR'), 6818144.0, 'C', 1592096.0);

INSERT INTO ESSALUD (HI_NREG, HI_AUTASE, HI_NOMBRE, HI_FECNAC, HI_DIRECC, HI_FULTAT, HI_NDOCUM, HI_ESTCIV, HI_AMCTLPR) 
VALUES ('272', '3603310AAVGJ004', 'ALCANTARA VARGAS JUANA DORA', to_date('03/31/1936', 'MM/DD/RR'), 'LAS BEGONIAS168', to_date('04/03/2018', 'MM/DD/RR'), 6824789.0, 'C', 1641065.0);

INSERT INTO ESSALUD (HI_NREG, HI_AUTASE, HI_NOMBRE, HI_FECNAC, HI_DIRECC, HI_FULTAT, HI_NDOCUM, HI_ESTCIV, HI_AMCTLPR) 
VALUES ('273', '4405280MARST009', 'MORA RIOS TEODOCIA CEFERINA', to_date('05/28/1944', 'MM/DD/RR'), 'AV.TUPAC AMARU447STA.ISABEL', to_date('03/20/2018', 'MM/DD/RR'), 6824591.0, 'S', 1679390.0);

INSERT INTO ESSALUD (HI_NREG, HI_AUTASE, HI_NOMBRE, HI_FECNAC, HI_DIRECC, HI_FULTAT, HI_NDOCUM, HI_ESTCIV, HI_AMCTLPR) 
VALUES ('274', '3707161RALAE009', 'ROJAS LEZAMA ENRIQUE', to_date('07/16/1937', 'MM/DD/RR'), 'AV. LAS BEGONIAS 168168STA ISABEL', to_date('10/25/2016', 'MM/DD/RR'), 7922623.0, 'C', 1063563.0);

INSERT INTO ESSALUD (HI_NREG, HI_AUTASE, HI_NOMBRE, HI_FECNAC, HI_DIRECC, HI_FULTAT, HI_NDOCUM, HI_ESTCIV, HI_AMCTLPR) 
VALUES ('277', '3709220VLQNN007', 'VILLA QUINTANA NELIDA EMERITA', to_date('09/22/1937', 'MM/DD/RR'), 'LOS INOCENTES154STA.ISABEL', to_date('03/17/2018', 'MM/DD/RR'), 6834605.0, 'C', 1422047.0);

INSERT INTO ESSALUD (HI_NREG, HI_AUTASE, HI_NOMBRE, HI_FECNAC, HI_DIRECC, HI_FULTAT, HI_NDOCUM, HI_ESTCIV, HI_AMCTLPR) 
VALUES ('279', '3710040VOHND000', 'VIGO HERNANDEZ DE CERVANT DIONISIA', to_date('10/04/1937', 'MM/DD/RR'), 'EL PROGRESO296', to_date('02/22/2013', 'MM/DD/RR'), 6828179.0, 'S', NULL);

INSERT INTO ESSALUD (HI_NREG, HI_AUTASE, HI_NOMBRE, HI_FECNAC, HI_DIRECC, HI_FULTAT, HI_NDOCUM, HI_ESTCIV, HI_AMCTLPR) 
VALUES ('280', '3710131RAVRA002', 'ROSALES VIERA AVELINO FERNANDO', to_date('10/13/1937', 'MM/DD/RR'), 'MZ D LT 65LOS TUMIS', to_date('05/10/2016', 'MM/DD/RR'), 6828267.0, 'C', 1126728.0);

INSERT INTO ESSALUD (HI_NREG, HI_AUTASE, HI_NOMBRE, HI_FECNAC, HI_DIRECC, HI_FULTAT, HI_NDOCUM, HI_ESTCIV, HI_AMCTLPR) 
VALUES ('282', '3711071MMVLF006', 'MAYMA VILLAGOMEZ FLORENCIO', to_date('11/07/1937', 'MM/DD/RR'), 'CARLOS VALDERRA144', to_date('03/06/2013', 'MM/DD/RR'), 6862060.0, 'C', 601348.0);

INSERT INTO ESSALUD (HI_NREG, HI_AUTASE, HI_NOMBRE, HI_FECNAC, HI_DIRECC, HI_FULTAT, HI_NDOCUM, HI_ESTCIV, HI_AMCTLPR) 
VALUES ('284', '5007310CJCAM001', 'CHUJUTALLI CABALLERO MIRLE', to_date('07/31/1950', 'MM/DD/RR'), 'MORRO DE ARICA280', to_date('01/31/2017', 'MM/DD/RR'), 6821590.0, 'C', 1236505.0);

INSERT INTO ESSALUD (HI_NREG, HI_AUTASE, HI_NOMBRE, HI_FECNAC, HI_DIRECC, HI_FULTAT, HI_NDOCUM, HI_ESTCIV, HI_AMCTLPR) 
VALUES ('286', '3712181CMSRA008', 'CHAMORRO SERRANO ARMANDO', to_date('12/18/1937', 'MM/DD/RR'), 'ASOC VIV LOS GARASMZCLT6TUNGASUCA', to_date('09/24/2015', 'MM/DD/RR'), 1.0212442E7, 'C', NULL);

INSERT INTO ESSALUD (HI_NREG, HI_AUTASE, HI_NOMBRE, HI_FECNAC, HI_DIRECC, HI_FULTAT, HI_NDOCUM, HI_ESTCIV, HI_AMCTLPR) 
VALUES ('287', '3512200HMALD004', 'HUAMANI AVALOS DOMINGA', to_date('12/20/1935', 'MM/DD/RR'), 'AV.CHIMPU OCCLLO 456S/N URB.LUCYANA', to_date('01/26/2018', 'MM/DD/RR'), 6910756.0, 'V', NULL);

INSERT INTO ESSALUD (HI_NREG, HI_AUTASE, HI_NOMBRE, HI_FECNAC, HI_DIRECC, HI_FULTAT, HI_NDOCUM, HI_ESTCIV, HI_AMCTLPR) 
VALUES ('288', '3712210PDMAD003', 'PRADO MORAN DANILIA ROSA ELENA', to_date('12/21/1937', 'MM/DD/RR'), 'AV TUPAC AMARU455STA ISABEL', to_date('05/15/2017', 'MM/DD/RR'), 6829760.0, 'S', 1379118.0);

INSERT INTO ESSALUD (HI_NREG, HI_AUTASE, HI_NOMBRE, HI_FECNAC, HI_DIRECC, HI_FULTAT, HI_NDOCUM, HI_ESTCIV, HI_AMCTLPR) 
VALUES ('292', '3806050PIZAJ007', 'PADILLA ZARAZU JULIA ZENAIDA', to_date('06/05/1938', 'MM/DD/RR'), 'JR.SAN PEDRO DE CARABAYLLO # 726 URB.STA.ISABEL', to_date('03/28/2018', 'MM/DD/RR'), 9169249.0, 'C', 1509618.0);

INSERT INTO ESSALUD (HI_NREG, HI_AUTASE, HI_NOMBRE, HI_FECNAC, HI_DIRECC, HI_FULTAT, HI_NDOCUM, HI_ESTCIV, HI_AMCTLPR) 
VALUES ('293', '4012250VLQSM002', 'VILLANO DE QUISPE MARIA NATIVIDAD', to_date('12/25/1940', 'MM/DD/RR'), 'MADRE SELVA291293STA ISABEL', to_date('03/03/2018', 'MM/DD/RR'), 6824539.0, 'C', 1509706.0);

INSERT INTO ESSALUD (HI_NREG, HI_AUTASE, HI_NOMBRE, HI_FECNAC, HI_DIRECC, HI_FULTAT, HI_NDOCUM, HI_ESTCIV, HI_AMCTLPR) 
VALUES ('294', '3806231HACOS003', 'HILARIO CAYO SILVERIO PABLO', to_date('06/23/1938', 'MM/DD/RR'), 'NCLAS DE PIEROL196CARABAYLLO', to_date('03/20/2018', 'MM/DD/RR'), 6820876.0, 'C', 1417473.0);

INSERT INTO ESSALUD (HI_NREG, HI_AUTASE, HI_NOMBRE, HI_FECNAC, HI_DIRECC, HI_FULTAT, HI_NDOCUM, HI_ESTCIV, HI_AMCTLPR) 
VALUES ('295', '3807160ACCPC003', 'ALACOTE CARPIO DE HUAMAN CARMELA', to_date('07/16/1938', 'MM/DD/RR'), 'JR. GAMARRA263P.J PROGRESO', to_date('03/28/2018', 'MM/DD/RR'), 6822662.0, 'C', 1683894.0);

INSERT INTO ESSALUD (HI_NREG, HI_AUTASE, HI_NOMBRE, HI_FECNAC, HI_DIRECC, HI_FULTAT, HI_NDOCUM, HI_ESTCIV, HI_AMCTLPR) 
VALUES ('296', '3807260PEPAA001', 'PEVEZ PIÑA VDA DE CORDOVA ANA', to_date('07/26/1938', 'MM/DD/RR'), 'JR.JOSE BALTA231237EL PROGRESO', to_date('12/15/2014', 'MM/DD/RR'), 6828678.0, 'V', 823226.0);

INSERT INTO ESSALUD (HI_NREG, HI_AUTASE, HI_NOMBRE, HI_FECNAC, HI_DIRECC, HI_FULTAT, HI_NDOCUM, HI_ESTCIV, HI_AMCTLPR) 
VALUES ('297', '3805090MRJCI003', 'MEDRANO JUSCAMAYTA DE ROMAN INES GREGORI', to_date('05/09/1938', 'MM/DD/RR'), 'MCAL.CACERES341R.P.BARRENEC', to_date('03/26/2018', 'MM/DD/RR'), 6831103.0, 'C', 1568096.0);

INSERT INTO ESSALUD (HI_NREG, HI_AUTASE, HI_NOMBRE, HI_FECNAC, HI_DIRECC, HI_FULTAT, HI_NDOCUM, HI_ESTCIV, HI_AMCTLPR) 
VALUES ('299', '3810041CIGMA000', 'CURI GUZMAN AGUSTIN', to_date('10/04/1938', 'MM/DD/RR'), 'JR.CUZCO460R.P.BARRENECHEA', to_date('02/26/2018', 'MM/DD/RR'), 6822960.0, 'C', 1466073.0);

INSERT INTO ESSALUD (HI_NREG, HI_AUTASE, HI_NOMBRE, HI_FECNAC, HI_DIRECC, HI_FULTAT, HI_NDOCUM, HI_ESTCIV, HI_AMCTLPR) 
VALUES ('300', '3810050MAAAL007', 'MORALES ARIAS LUZ', to_date('10/05/1938', 'MM/DD/RR'), 'JR LOS SABIOS N 167 STAISABEL', to_date('02/09/2018', 'MM/DD/RR'), 9169087.0, 'S', 1428721.0);

INSERT INTO ESSALUD (HI_NREG, HI_AUTASE, HI_NOMBRE, HI_FECNAC, HI_DIRECC, HI_FULTAT, HI_NDOCUM, HI_ESTCIV, HI_AMCTLPR) 
VALUES ('301', '3810270SCDNF013', 'SANCHO DIONICIO FRUMENCIA', to_date('10/27/1938', 'MM/DD/RR'), 'AV. MERINO REYN398RAUL P.BARREN.', to_date('12/09/2017', 'MM/DD/RR'), 6836248.0, 'C', 1621921.0);

INSERT INTO ESSALUD (HI_NREG, HI_AUTASE, HI_NOMBRE, HI_FECNAC, HI_DIRECC, HI_FULTAT, HI_NDOCUM, HI_ESTCIV, HI_AMCTLPR) 
VALUES ('302', '3811241IOGZC002', 'IDROGO GONZALES CARLOS ENRIQUE', to_date('11/24/1938', 'MM/DD/RR'), 'MCD LT 03 AS HUAUDI', to_date('04/20/2016', 'MM/DD/RR'), 1.0216197E7, 'C', 794241.0);

INSERT INTO ESSALUD (HI_NREG, HI_AUTASE, HI_NOMBRE, HI_FECNAC, HI_DIRECC, HI_FULTAT, HI_NDOCUM, HI_ESTCIV, HI_AMCTLPR) 
VALUES ('303', '3807310GCAOE000', 'GARCIA ARROSQUIPA EUSEBIA PEREGRINA', to_date('07/31/1938', 'MM/DD/RR'), 'OSCAR BENAVIDES375', to_date('12/04/2014', 'MM/DD/RR'), 6835995.0, 'C', 791323.0);

INSERT INTO ESSALUD (HI_NREG, HI_AUTASE, HI_NOMBRE, HI_FECNAC, HI_DIRECC, HI_FULTAT, HI_NDOCUM, HI_ESTCIV, HI_AMCTLPR) 
VALUES ('304', '3811261CDVAJ002', 'CUADROS VEGA JULIO', to_date('11/26/1938', 'MM/DD/RR'), 'OSCAR R. BENAVI375EL PROGRESO', to_date('03/13/2018', 'MM/DD/RR'), 9226459.0, 'C', 1629601.0);

INSERT INTO ESSALUD (HI_NREG, HI_AUTASE, HI_NOMBRE, HI_FECNAC, HI_DIRECC, HI_FULTAT, HI_NDOCUM, HI_ESTCIV, HI_AMCTLPR) 
VALUES ('307', '3901090MDBCL002', 'MENDOZA BRICEÑO LUZ EDITA', to_date('01/09/1939', 'MM/DD/RR'), 'PROL.BILLINGHUR266EL PROGRESO', to_date('02/26/2018', 'MM/DD/RR'), 6831817.0, 'S', 1537688.0);

INSERT INTO ESSALUD (HI_NREG, HI_AUTASE, HI_NOMBRE, HI_FECNAC, HI_DIRECC, HI_FULTAT, HI_NDOCUM, HI_ESTCIV, HI_AMCTLPR) 
VALUES ('308', '4210010MAMDR000', 'MENA MENDOZA DE SOTO REMIGIA', to_date('10/01/1942', 'MM/DD/RR'), 'MORRO DE ARICA530', to_date('03/09/2018', 'MM/DD/RR'), 9173993.0, 'C', 1543278.0);

INSERT INTO ESSALUD (HI_NREG, HI_AUTASE, HI_NOMBRE, HI_FECNAC, HI_DIRECC, HI_FULTAT, HI_NDOCUM, HI_ESTCIV, HI_AMCTLPR) 
VALUES ('311', '3903031MRANJ001', 'MURRUGARRA AZAÑEDO JESUS ELIAS', to_date('03/03/1939', 'MM/DD/RR'), 'JR LASCAMPINILLAS154', to_date('05/25/2015', 'MM/DD/RR'), 9173646.0, 'S', 1011810.0);

INSERT INTO ESSALUD (HI_NREG, HI_AUTASE, HI_NOMBRE, HI_FECNAC, HI_DIRECC, HI_FULTAT, HI_NDOCUM, HI_ESTCIV, HI_AMCTLPR) 
VALUES ('312', '4206140GLIAB002', 'GIL INFANTE DE CURILLA BACELIZA', to_date('06/14/1942', 'MM/DD/RR'), 'JR ALFONSO UGARTE166EL PROGRESO', to_date('04/08/2015', 'MM/DD/RR'), 6820667.0, 'C', 848861.0);

INSERT INTO ESSALUD (HI_NREG, HI_AUTASE, HI_NOMBRE, HI_FECNAC, HI_DIRECC, HI_FULTAT, HI_NDOCUM, HI_ESTCIV, HI_AMCTLPR) 
VALUES ('313', '7605271VAAAH003', 'VEGA ARIAS HUMBERT NESTOR', to_date('05/27/1976', 'MM/DD/RR'), 'JR JORGE CHAVEZ 834r p barrenechea', to_date('07/22/2016', 'MM/DD/RR'), 1.0400977E7, 'C', NULL);

INSERT INTO ESSALUD (HI_NREG, HI_AUTASE, HI_NOMBRE, HI_FECNAC, HI_DIRECC, HI_FULTAT, HI_NDOCUM, HI_ESTCIV, HI_AMCTLPR) 
VALUES ('314', '3206090MBMTA008', 'MIMBELA MONTALVAN ALICIA', to_date('06/09/1932', 'MM/DD/RR'), 'JR.RAMON CASTIL 241KM18', to_date('04/03/2018', 'MM/DD/RR'), 6830090.0, 'C', 1619767.0);

INSERT INTO ESSALUD (HI_NREG, HI_AUTASE, HI_NOMBRE, HI_FECNAC, HI_DIRECC, HI_FULTAT, HI_NDOCUM, HI_ESTCIV, HI_AMCTLPR) 
VALUES ('315', '4807070VLPUC001', 'VILLAR PAJUELO DE GARCIA CIRILA EDILBURG', to_date('07/07/1948', 'MM/DD/RR'), 'JR LOS SABIOS 156STA  ISABEL', to_date('03/28/2018', 'MM/DD/RR'), 6836691.0, 'C', 1482770.0);

INSERT INTO ESSALUD (HI_NREG, HI_AUTASE, HI_NOMBRE, HI_FECNAC, HI_DIRECC, HI_FULTAT, HI_NDOCUM, HI_ESTCIV, HI_AMCTLPR) 
VALUES ('316', '3906241GCGRJ009', 'GARCIA GUERRERO JUAN', to_date('06/24/1939', 'MM/DD/RR'), 'JR.LOS SABIOS156STA.ISABEL', to_date('03/21/2018', 'MM/DD/RR'), 9170690.0, 'S', 1345891.0);

INSERT INTO ESSALUD (HI_NREG, HI_AUTASE, HI_NOMBRE, HI_FECNAC, HI_DIRECC, HI_FULTAT, HI_NDOCUM, HI_ESTCIV, HI_AMCTLPR) 
VALUES ('318', '3907110LNTAJ005', 'LLANTO TARAZONA JULIA', to_date('07/11/1939', 'MM/DD/RR'), 'AV.TUPAC AMARU1070LA FLOR', to_date('09/15/2017', 'MM/DD/RR'), 6820521.0, 'C', 1573754.0);

INSERT INTO ESSALUD (HI_NREG, HI_AUTASE, HI_NOMBRE, HI_FECNAC, HI_DIRECC, HI_FULTAT, HI_NDOCUM, HI_ESTCIV, HI_AMCTLPR) 
VALUES ('321', '5008270NEPIJ007', 'NUNEZ PADILLA JOSEFINA JESUSA', to_date('08/27/1950', 'MM/DD/RR'), 'JR.LAS MARGARITAS 138SANTA ISABEL', to_date('03/26/2018', 'MM/DD/RR'), 6824359.0, 'C', 1682355.0);

INSERT INTO ESSALUD (HI_NREG, HI_AUTASE, HI_NOMBRE, HI_FECNAC, HI_DIRECC, HI_FULTAT, HI_NDOCUM, HI_ESTCIV, HI_AMCTLPR) 
VALUES ('322', '4207270JIFND001', 'JACINTO FRANCISCO DE CARRAS DELIA', to_date('07/27/1942', 'MM/DD/RR'), 'JR CUSCO265RAUL P BARRENE', to_date('03/19/2018', 'MM/DD/RR'), 6817934.0, 'C', 1474176.0);

INSERT INTO ESSALUD (HI_NREG, HI_AUTASE, HI_NOMBRE, HI_FECNAC, HI_DIRECC, HI_FULTAT, HI_NDOCUM, HI_ESTCIV, HI_AMCTLPR) 
VALUES ('323', '3909081CRJIN009', 'CARRASCO JACINTO NATIVIDAD', to_date('09/08/1939', 'MM/DD/RR'), '.JR.CUZCO 265 PUEBLO.JOVEN RAUL PORRAS  BARRENECHE', to_date('01/22/2018', 'MM/DD/RR'), 6817933.0, 'C', 868661.0);

INSERT INTO ESSALUD (HI_NREG, HI_AUTASE, HI_NOMBRE, HI_FECNAC, HI_DIRECC, HI_FULTAT, HI_NDOCUM, HI_ESTCIV, HI_AMCTLPR) 
VALUES ('324', '3901110GZMOM004', 'GONZALES MENOR MARIA LUZ', to_date('01/11/1939', 'MM/DD/RR'), 'TUPAC AMARU2832EL PROGRESO', to_date('03/19/2018', 'MM/DD/RR'), 6835484.0, 'S', 1483842.0);

INSERT INTO ESSALUD (HI_NREG, HI_AUTASE, HI_NOMBRE, HI_FECNAC, HI_DIRECC, HI_FULTAT, HI_NDOCUM, HI_ESTCIV, HI_AMCTLPR) 
VALUES ('325', '4207160CTVLN000', 'CASTILLO VILLALTA DE MERINO NATALIA GUIL', to_date('07/16/1942', 'MM/DD/RR'), 'JR.O.R.BENAVIDES511MZ74EL PROGRESO', to_date('03/21/2018', 'MM/DD/RR'), 6835724.0, 'C', 1526565.0);

INSERT INTO ESSALUD (HI_NREG, HI_AUTASE, HI_NOMBRE, HI_FECNAC, HI_DIRECC, HI_FULTAT, HI_NDOCUM, HI_ESTCIV, HI_AMCTLPR) 
VALUES ('326', '4311240SUGNJ009', 'SEGURA GRANDA DE SOZA JUANA DELIA', to_date('11/24/1943', 'MM/DD/RR'), 'JR SAN PEDRO DE524', to_date('03/06/2018', 'MM/DD/RR'), 6826872.0, 'C', 1400640.0);

INSERT INTO ESSALUD (HI_NREG, HI_AUTASE, HI_NOMBRE, HI_FECNAC, HI_DIRECC, HI_FULTAT, HI_NDOCUM, HI_ESTCIV, HI_AMCTLPR) 
VALUES ('331', '5502160LEGDY007', 'LOPEZ GUADALUPE YOLANDA MERCEDES', to_date('02/16/1955', 'MM/DD/RR'), 'DIEGO BERDEJOI137TUNGASUCA', to_date('03/28/2016', 'MM/DD/RR'), 9228942.0, 'C', 1030106.0);

INSERT INTO ESSALUD (HI_NREG, HI_AUTASE, HI_NOMBRE, HI_FECNAC, HI_DIRECC, HI_FULTAT, HI_NDOCUM, HI_ESTCIV, HI_AMCTLPR) 
VALUES ('333', '4008011MEMHE000', 'MORENO MISHAHUAMAN ESTUDIANO', to_date('08/01/1940', 'MM/DD/RR'), 'JR A QUINONES 210LUCYANA', to_date('03/23/2018', 'MM/DD/RR'), 6824451.0, 'C', 1459376.0);

INSERT INTO ESSALUD (HI_NREG, HI_AUTASE, HI_NOMBRE, HI_FECNAC, HI_DIRECC, HI_FULTAT, HI_NDOCUM, HI_ESTCIV, HI_AMCTLPR) 
VALUES ('334', '4008111AEDGR009', 'AGUERO DELGADILLO RUFINO', to_date('08/11/1940', 'MM/DD/RR'), 'MZ F LT 12S/NSTA ROSA', to_date('03/26/2018', 'MM/DD/RR'), 4028215.0, 'C', 1474114.0);

INSERT INTO ESSALUD (HI_NREG, HI_AUTASE, HI_NOMBRE, HI_FECNAC, HI_DIRECC, HI_FULTAT, HI_NDOCUM, HI_ESTCIV, HI_AMCTLPR) 
VALUES ('335', '4110190LAEAL003', 'LOZANO ESLAVA DE MELO LUCILA', to_date('10/19/1941', 'MM/DD/RR'), 'LOS JAZMINES 169 SAN', to_date('03/17/2018', 'MM/DD/RR'), 6825703.0, 'C', 1465889.0);

INSERT INTO ESSALUD (HI_NREG, HI_AUTASE, HI_NOMBRE, HI_FECNAC, HI_DIRECC, HI_FULTAT, HI_NDOCUM, HI_ESTCIV, HI_AMCTLPR) 
VALUES ('336', '4008311MTPHS009', 'MOTTA PACHECO SAMUEL RAMON HECT', to_date('08/31/1940', 'MM/DD/RR'), 'JR.MADRE SELVA 238STA.ISABEL', to_date('01/15/2013', 'MM/DD/RR'), 6831547.0, 'C', 397221.0);

INSERT INTO ESSALUD (HI_NREG, HI_AUTASE, HI_NOMBRE, HI_FECNAC, HI_DIRECC, HI_FULTAT, HI_NDOCUM, HI_ESTCIV, HI_AMCTLPR) 
VALUES ('337', '4010180AOYCV007', 'AMAO YANCE DE MUNOZ VICTORIA', to_date('10/18/1940', 'MM/DD/RR'), 'PROLONG. JOSE PARDOS/N279 EL PROGRESO', to_date('11/09/2017', 'MM/DD/RR'), 6820253.0, 'C', 1575816.0);

INSERT INTO ESSALUD (HI_NREG, HI_AUTASE, HI_NOMBRE, HI_FECNAC, HI_DIRECC, HI_FULTAT, HI_NDOCUM, HI_ESTCIV, HI_AMCTLPR) 
VALUES ('339', '4010251JCCCD009', 'JULCA CHACPI DARIO BONIFACIO', to_date('10/25/1940', 'MM/DD/RR'), 'CALLE FLOR DE L135STA.ISABEL', to_date('03/24/2018', 'MM/DD/RR'), 6825602.0, 'C', 1533316.0);

INSERT INTO ESSALUD (HI_NREG, HI_AUTASE, HI_NOMBRE, HI_FECNAC, HI_DIRECC, HI_FULTAT, HI_NDOCUM, HI_ESTCIV, HI_AMCTLPR) 
VALUES ('340', '5305170HMSOE006', 'HUAMANCAYO SOTO DE JULCA ESTELA', to_date('05/17/1953', 'MM/DD/RR'), 'FLOR DE LIZ 131STA ISABEL', to_date('05/05/2016', 'MM/DD/RR'), 6826424.0, 'C', 1174416.0);

INSERT INTO ESSALUD (HI_NREG, HI_AUTASE, HI_NOMBRE, HI_FECNAC, HI_DIRECC, HI_FULTAT, HI_NDOCUM, HI_ESTCIV, HI_AMCTLPR) 
VALUES ('341', '4012110AAQVC000', 'ARIAS DE QUEVEDO CARMEN ROSA', to_date('12/11/1940', 'MM/DD/RR'), 'JR V MACHUCA 922 PROGRASO', to_date('09/25/2017', 'MM/DD/RR'), 6821333.0, 'C', 1520224.0);

INSERT INTO ESSALUD (HI_NREG, HI_AUTASE, HI_NOMBRE, HI_FECNAC, HI_DIRECC, HI_FULTAT, HI_NDOCUM, HI_ESTCIV, HI_AMCTLPR) 
VALUES ('343', '8001090QVAAS009', 'QUEVEDO ARIAS SANDRA YSABEL', to_date('01/09/1980', 'MM/DD/RR'), 'AV.V.MACHUCA922EL PROGRESO', to_date('04/20/2016', 'MM/DD/RR'), 4.0409481E7, 'S', 1211635.0);

INSERT INTO ESSALUD (HI_NREG, HI_AUTASE, HI_NOMBRE, HI_FECNAC, HI_DIRECC, HI_FULTAT, HI_NDOCUM, HI_ESTCIV, HI_AMCTLPR) 
VALUES ('344', '4101061CMMTV006', 'CHUMACERO MONTALBAN VICTOR', to_date('01/06/1941', 'MM/DD/RR'), 'MZ B LTE 9S/NP.J. VILLA EL P', to_date('06/20/2013', 'MM/DD/RR'), 6825453.0, 'S', 203882.0);

INSERT INTO ESSALUD (HI_NREG, HI_AUTASE, HI_NOMBRE, HI_FECNAC, HI_DIRECC, HI_FULTAT, HI_NDOCUM, HI_ESTCIV, HI_AMCTLPR) 
VALUES ('345', '4101251RENAP005', 'ROMERO NONAJULCA PABLO AZAEL', to_date('01/25/1941', 'MM/DD/RR'), 'CARABAYLLOS/N', to_date('03/12/2018', 'MM/DD/RR'), 6820370.0, 'C', 1434483.0);

INSERT INTO ESSALUD (HI_NREG, HI_AUTASE, HI_NOMBRE, HI_FECNAC, HI_DIRECC, HI_FULTAT, HI_NDOCUM, HI_ESTCIV, HI_AMCTLPR) 
VALUES ('346', '4104251FRNEG008', 'FEBRES NUÑEZ GUILLERMO', to_date('04/25/1941', 'MM/DD/RR'), 'AAS/N', to_date('03/17/2018', 'MM/DD/RR'), 6824177.0, 'C', 1592480.0);

INSERT INTO ESSALUD (HI_NREG, HI_AUTASE, HI_NOMBRE, HI_FECNAC, HI_DIRECC, HI_FULTAT, HI_NDOCUM, HI_ESTCIV, HI_AMCTLPR) 
VALUES ('347', '7706060FRCAH008', 'FEBRES CASAVERDE HAYDEE CRISTINA', to_date('06/06/1977', 'MM/DD/RR'), 'LAS AZUCENAS218SANTA ISABEL', to_date('02/10/2018', 'MM/DD/RR'), 1.0408172E7, 'C', 1155942.0);

INSERT INTO ESSALUD (HI_NREG, HI_AUTASE, HI_NOMBRE, HI_FECNAC, HI_DIRECC, HI_FULTAT, HI_NDOCUM, HI_ESTCIV, HI_AMCTLPR) 
VALUES ('348', '4104071RNLEC001', 'REINAFARJE LOPEZ CESAR ENRIQUE', to_date('04/07/1941', 'MM/DD/RR'), 'CALLE LOS LIRIO108STA.ISABEL', to_date('11/13/2015', 'MM/DD/RR'), 6826017.0, 'C', 1139821.0);

INSERT INTO ESSALUD (HI_NREG, HI_AUTASE, HI_NOMBRE, HI_FECNAC, HI_DIRECC, HI_FULTAT, HI_NDOCUM, HI_ESTCIV, HI_AMCTLPR) 
VALUES ('350', '4103100RMEAN007', 'RAYME ESCALANTE NATALIA', to_date('03/10/1941', 'MM/DD/RR'), 'JR.NICOLAS DE PIEROLA 116 EL PROGRESO KM 19', to_date('04/02/2018', 'MM/DD/RR'), 9402051.0, 'C', 1494255.0);

INSERT INTO ESSALUD (HI_NREG, HI_AUTASE, HI_NOMBRE, HI_FECNAC, HI_DIRECC, HI_FULTAT, HI_NDOCUM, HI_ESTCIV, HI_AMCTLPR) 
VALUES ('351', '4102040AOCLP005', 'ARROYO CARLOS PRIMITIVA', to_date('02/04/1941', 'MM/DD/RR'), 'TUPAC AMARU 320S/N', to_date('01/29/2018', 'MM/DD/RR'), 6826009.0, 'S', 1471899.0);

INSERT INTO ESSALUD (HI_NREG, HI_AUTASE, HI_NOMBRE, HI_FECNAC, HI_DIRECC, HI_FULTAT, HI_NDOCUM, HI_ESTCIV, HI_AMCTLPR) 
VALUES ('352', '4906250BGCUL007', 'BURGA CIGUENAS DE GUILLEN LUZ ELENA', to_date('06/25/1949', 'MM/DD/RR'), 'AV MIRAFLORES207KM 19', to_date('03/13/2018', 'MM/DD/RR'), 6827237.0, 'C', 1622267.0);

INSERT INTO ESSALUD (HI_NREG, HI_AUTASE, HI_NOMBRE, HI_FECNAC, HI_DIRECC, HI_FULTAT, HI_NDOCUM, HI_ESTCIV, HI_AMCTLPR) 
VALUES ('353', '8511080GLBGI008', 'GUILLEN BURGA ITALA MARIA', to_date('11/08/1985', 'MM/DD/RR'), 'AV.MIRAFLORES207EL PROGRESO', to_date('04/29/2015', 'MM/DD/RR'), 4.3274457E7, 'S', 768251.0);

INSERT INTO ESSALUD (HI_NREG, HI_AUTASE, HI_NOMBRE, HI_FECNAC, HI_DIRECC, HI_FULTAT, HI_NDOCUM, HI_ESTCIV, HI_AMCTLPR) 
VALUES ('354', '3705171GLRZP003', 'GUILLEN RUIZ PABLO', to_date('05/17/1937', 'MM/DD/RR'), 'AV MIRAFLORES 2207PROGRESO', to_date('03/24/2018', 'MM/DD/RR'), 6827238.0, 'C', 1635933.0);

INSERT INTO ESSALUD (HI_NREG, HI_AUTASE, HI_NOMBRE, HI_FECNAC, HI_DIRECC, HI_FULTAT, HI_NDOCUM, HI_ESTCIV, HI_AMCTLPR) 
VALUES ('356', '4106131SEPMA009', 'SOVERO PALMA ALFONZO', to_date('01/13/1941', 'MM/DD/RR'), 'AV. TUPAC AMARU 216 URB. STA ISABEL', to_date('03/15/2017', 'MM/DD/RR'), 6832558.0, 'S', 1468367.0);

INSERT INTO ESSALUD (HI_NREG, HI_AUTASE, HI_NOMBRE, HI_FECNAC, HI_DIRECC, HI_FULTAT, HI_NDOCUM, HI_ESTCIV, HI_AMCTLPR) 
VALUES ('357', '4108101CDAYL007', 'CONDOR ANAYA LORENZO', to_date('08/10/1941', 'MM/DD/RR'), 'JR SANCHEZ CERR302EL PROGRESO', to_date('07/08/2017', 'MM/DD/RR'), 1.0407618E7, 'C', 1536362.0);

INSERT INTO ESSALUD (HI_NREG, HI_AUTASE, HI_NOMBRE, HI_FECNAC, HI_DIRECC, HI_FULTAT, HI_NDOCUM, HI_ESTCIV, HI_AMCTLPR) 
VALUES ('358', '4108171MAAOA001', 'MORA ASTO ARTEMIO', to_date('08/17/1941', 'MM/DD/RR'), 'AV.TUPAC AMARU3811EL PROGRESO', to_date('03/17/2018', 'MM/DD/RR'), 6822010.0, 'S', 1622534.0);

INSERT INTO ESSALUD (HI_NREG, HI_AUTASE, HI_NOMBRE, HI_FECNAC, HI_DIRECC, HI_FULTAT, HI_NDOCUM, HI_ESTCIV, HI_AMCTLPR) 
VALUES ('359', '5205300RAGBE009', 'REBAZA GAMBOA DE REINAFARJE EVELIA EMPER', to_date('05/30/1952', 'MM/DD/RR'), 'JR LOS LIRIOS108', to_date('04/09/2015', 'MM/DD/RR'), 1.0405692E7, 'C', 805264.0);

INSERT INTO ESSALUD (HI_NREG, HI_AUTASE, HI_NOMBRE, HI_FECNAC, HI_DIRECC, HI_FULTAT, HI_NDOCUM, HI_ESTCIV, HI_AMCTLPR) 
VALUES ('360', '5112200LNTAP004', 'LLANTO TARAZONA VDA DE ANDR PAULA GREGOR', to_date('12/20/1951', 'MM/DD/RR'), 'MZ-U LT-17S/NLUCYANA', to_date('03/07/2018', 'MM/DD/RR'), 6824724.0, 'C', 1402605.0);

INSERT INTO ESSALUD (HI_NREG, HI_AUTASE, HI_NOMBRE, HI_FECNAC, HI_DIRECC, HI_FULTAT, HI_NDOCUM, HI_ESTCIV, HI_AMCTLPR) 
VALUES ('361', '4110211RELSV000', 'RIVERA LAOS VICTOR HILARION', to_date('10/21/1941', 'MM/DD/RR'), 'JR.PUNO 385 R.P.BARR        ENECHEA', to_date('03/23/2018', 'MM/DD/RR'), 6827587.0, 'C', 1613632.0);

INSERT INTO ESSALUD (HI_NREG, HI_AUTASE, HI_NOMBRE, HI_FECNAC, HI_DIRECC, HI_FULTAT, HI_NDOCUM, HI_ESTCIV, HI_AMCTLPR) 
VALUES ('363', '4110261LEFRE003', 'LOPEZ FLORES EVARISTO', to_date('10/26/1941', 'MM/DD/RR'), 'PSJE 2 SECTOR 1S/NTUNGASUCA', to_date('10/20/2017', 'MM/DD/RR'), 6842990.0, 'C', 1288508.0);

INSERT INTO ESSALUD (HI_NREG, HI_AUTASE, HI_NOMBRE, HI_FECNAC, HI_DIRECC, HI_FULTAT, HI_NDOCUM, HI_ESTCIV, HI_AMCTLPR) 
VALUES ('364', '4110280BRLAA000', 'BORRERO LOZADA AURA', to_date('10/28/1941', 'MM/DD/RR'), 'JOSE ABELARDO Q274LUCIANA', to_date('04/20/2017', 'MM/DD/RR'), 6875922.0, 'S', NULL);

INSERT INTO ESSALUD (HI_NREG, HI_AUTASE, HI_NOMBRE, HI_FECNAC, HI_DIRECC, HI_FULTAT, HI_NDOCUM, HI_ESTCIV, HI_AMCTLPR) 
VALUES ('365', '5204280STEAY008', 'SANTOS ESTACIO DE MENDOZA YRAIDA MAR', to_date('04/28/1952', 'MM/DD/RR'), 'AV 23 SETIEMBRE MZ P-4 LT 8 URB EL HORIZONTE', to_date('03/23/2016', 'MM/DD/RR'), 9171499.0, 'C', 1208403.0);

INSERT INTO ESSALUD (HI_NREG, HI_AUTASE, HI_NOMBRE, HI_FECNAC, HI_DIRECC, HI_FULTAT, HI_NDOCUM, HI_ESTCIV, HI_AMCTLPR) 
VALUES ('366', '4111051MDZAJ007', 'MENDOZA ZAVALA JOSE FELIX', to_date('11/05/1941', 'MM/DD/RR'), 'NO INFS/N', to_date('01/29/2016', 'MM/DD/RR'), 1.0400938E7, 'C', NULL);

INSERT INTO ESSALUD (HI_NREG, HI_AUTASE, HI_NOMBRE, HI_FECNAC, HI_DIRECC, HI_FULTAT, HI_NDOCUM, HI_ESTCIV, HI_AMCTLPR) 
VALUES ('367', '7703050PGPTL002', 'PIRGO PRETEL LILIANA ISABEL', to_date('03/05/1977', 'MM/DD/RR'), 'PROL BILLINGHUR250', to_date('03/27/2013', 'MM/DD/RR'), 1.0408053E7, 'S', NULL);

INSERT INTO ESSALUD (HI_NREG, HI_AUTASE, HI_NOMBRE, HI_FECNAC, HI_DIRECC, HI_FULTAT, HI_NDOCUM, HI_ESTCIV, HI_AMCTLPR) 
VALUES ('368', '4011271RZRRJ009', 'RUIZ RODRIGUEZ JOSE CECILIO', to_date('11/27/1940', 'MM/DD/RR'), 'AV.CONDORCANQUIS/N', to_date('01/31/2018', 'MM/DD/RR'), 6849980.0, 'C', 1376902.0);

INSERT INTO ESSALUD (HI_NREG, HI_AUTASE, HI_NOMBRE, HI_FECNAC, HI_DIRECC, HI_FULTAT, HI_NDOCUM, HI_ESTCIV, HI_AMCTLPR) 
VALUES ('369', '5307210TRAII003', 'TORRES ALVIS ISABEL', to_date('07/21/1953', 'MM/DD/RR'), 'JR 9 DE OCTUBRE220VILLA ESPERANZA', to_date('05/18/2017', 'MM/DD/RR'), 6818341.0, 'C', 1245634.0);

INSERT INTO ESSALUD (HI_NREG, HI_AUTASE, HI_NOMBRE, HI_FECNAC, HI_DIRECC, HI_FULTAT, HI_NDOCUM, HI_ESTCIV, HI_AMCTLPR) 
VALUES ('370', '4111281AARAJ009', 'ALVARADO RIVAS JORGE', to_date('11/28/1941', 'MM/DD/RR'), 'CARABAYLLOS/N', to_date('03/19/2018', 'MM/DD/RR'), 6818514.0, 'C', 1425665.0);

INSERT INTO ESSALUD (HI_NREG, HI_AUTASE, HI_NOMBRE, HI_FECNAC, HI_DIRECC, HI_FULTAT, HI_NDOCUM, HI_ESTCIV, HI_AMCTLPR) 
VALUES ('371', '4811050EIQNR004', 'ESPINOZA QUINONES DE ALEJOS ROSA FRANCIS', to_date('11/05/1948', 'MM/DD/RR'), 'JR ARICA500VILLA ESPERANZA', to_date('03/23/2018', 'MM/DD/RR'), 9172144.0, 'C', 1577662.0);

INSERT INTO ESSALUD (HI_NREG, HI_AUTASE, HI_NOMBRE, HI_FECNAC, HI_DIRECC, HI_FULTAT, HI_NDOCUM, HI_ESTCIV, HI_AMCTLPR) 
VALUES ('373', '4112211AIHYF009', 'ALBITES HUAYHUA FORTUNATO', to_date('12/21/1941', 'MM/DD/RR'), 'AV MANUEL PRADO502', to_date('04/19/2013', 'MM/DD/RR'), 9168366.0, 'C', 520494.0);

INSERT INTO ESSALUD (HI_NREG, HI_AUTASE, HI_NOMBRE, HI_FECNAC, HI_DIRECC, HI_FULTAT, HI_NDOCUM, HI_ESTCIV, HI_AMCTLPR) 
VALUES ('374', '5302020GCTUC005', 'GARCIA TIPULA DE TIPULA CANDELARIA', to_date('02/02/1953', 'MM/DD/RR'), 'JR BUSTAMANTE Y981EL PROGRESO', to_date('12/16/2017', 'MM/DD/RR'), 6835269.0, 'C', 1378849.0);

INSERT INTO ESSALUD (HI_NREG, HI_AUTASE, HI_NOMBRE, HI_FECNAC, HI_DIRECC, HI_FULTAT, HI_NDOCUM, HI_ESTCIV, HI_AMCTLPR) 
VALUES ('375', '4201221VLAAV002', 'VILLAVICENCIO ALVAREZ VICENTE', to_date('01/22/1942', 'MM/DD/RR'), 'AV DIEGO MESA 142TUNGASUCA II ET', to_date('05/13/2015', 'MM/DD/RR'), 6831264.0, 'C', 882257.0);

INSERT INTO ESSALUD (HI_NREG, HI_AUTASE, HI_NOMBRE, HI_FECNAC, HI_DIRECC, HI_FULTAT, HI_NDOCUM, HI_ESTCIV, HI_AMCTLPR) 
VALUES ('376', '4306190AAMAR004', 'ASPAJO MILACHAY DE CHAVEZ ROSA MANUELA', to_date('06/19/1943', 'MM/DD/RR'), 'JR.ANDRES A.CACS/NEL PROGRESO', to_date('03/19/2018', 'MM/DD/RR'), 6821352.0, 'C', 1567678.0);

INSERT INTO ESSALUD (HI_NREG, HI_AUTASE, HI_NOMBRE, HI_FECNAC, HI_DIRECC, HI_FULTAT, HI_NDOCUM, HI_ESTCIV, HI_AMCTLPR) 
VALUES ('378', '4203151GRCTL000', 'GUERRERO CASTILLO LEONARDO', to_date('03/15/1942', 'MM/DD/RR'), 'AV CENTRAL620KM18', to_date('03/21/2018', 'MM/DD/RR'), 6818534.0, 'C', NULL);

INSERT INTO ESSALUD (HI_NREG, HI_AUTASE, HI_NOMBRE, HI_FECNAC, HI_DIRECC, HI_FULTAT, HI_NDOCUM, HI_ESTCIV, HI_AMCTLPR) 
VALUES ('379', '4203150CAAUO000', 'CANALES AMPUERO OLGA ROSA', to_date('03/15/1942', 'MM/DD/RR'), 'JR 21 DE SETIEM984KM 11', to_date('03/22/2018', 'MM/DD/RR'), 7064115.0, 'S', 1471072.0);

INSERT INTO ESSALUD (HI_NREG, HI_AUTASE, HI_NOMBRE, HI_FECNAC, HI_DIRECC, HI_FULTAT, HI_NDOCUM, HI_ESTCIV, HI_AMCTLPR) 
VALUES ('381', '4604170PAUIC008', 'PERALTA URBINA DE DAVILA CARMEN ROSA', to_date('04/17/1946', 'MM/DD/RR'), 'AV TUPAC AMARU595STA ISABEL', to_date('03/19/2018', 'MM/DD/RR'), 6824709.0, 'C', 1436910.0);

INSERT INTO ESSALUD (HI_NREG, HI_AUTASE, HI_NOMBRE, HI_FECNAC, HI_DIRECC, HI_FULTAT, HI_NDOCUM, HI_ESTCIV, HI_AMCTLPR) 
VALUES ('382', '4206171VEREM003', 'VICENTE ROMERO MANUEL DE JESUS', to_date('06/17/1942', 'MM/DD/RR'), 'JR.AUGUSTO B.LE401EL PROGRESO', to_date('03/26/2018', 'MM/DD/RR'), 6823371.0, 'C', 1465460.0);

INSERT INTO ESSALUD (HI_NREG, HI_AUTASE, HI_NOMBRE, HI_FECNAC, HI_DIRECC, HI_FULTAT, HI_NDOCUM, HI_ESTCIV, HI_AMCTLPR) 
VALUES ('383', '7712020COMIA002', 'CANOLA MOLINA ANA MARIA', to_date('12/02/1977', 'MM/DD/RR'), 'FLOR DEL VIENTO121STA ISABEL', to_date('01/31/2018', 'MM/DD/RR'), 8.0216434E7, 'S', 1394046.0);

INSERT INTO ESSALUD (HI_NREG, HI_AUTASE, HI_NOMBRE, HI_FECNAC, HI_DIRECC, HI_FULTAT, HI_NDOCUM, HI_ESTCIV, HI_AMCTLPR) 
VALUES ('384', '4206181COFAP001', 'CANOLA FRIAS PABLO ERNESTO', to_date('06/18/1942', 'MM/DD/RR'), 'JR.FLOR DEL VIE     127     STA.ISABEL', to_date('03/21/2018', 'MM/DD/RR'), 6832805.0, 'C', 1215342.0);

INSERT INTO ESSALUD (HI_NREG, HI_AUTASE, HI_NOMBRE, HI_FECNAC, HI_DIRECC, HI_FULTAT, HI_NDOCUM, HI_ESTCIV, HI_AMCTLPR) 
VALUES ('387', '4012310FCVAH004', 'FALCON VIDAL DE ORTIZ HILDA MELANIA', to_date('12/31/1940', 'MM/DD/RR'), 'JR A A CACERES235LUCYANA', to_date('06/22/2017', 'MM/DD/RR'), 1.0693458E7, 'C', 1463407.0);

INSERT INTO ESSALUD (HI_NREG, HI_AUTASE, HI_NOMBRE, HI_FECNAC, HI_DIRECC, HI_FULTAT, HI_NDOCUM, HI_ESTCIV, HI_AMCTLPR) 
VALUES ('388', '4208130GVBDC006', 'GUEVARA BENDEZU CENTOLA OBDULIA', to_date('08/13/1942', 'MM/DD/RR'), 'LASD CAMPANILLA154', to_date('12/01/2014', 'MM/DD/RR'), 9229480.0, 'S', 847226.0);

INSERT INTO ESSALUD (HI_NREG, HI_AUTASE, HI_NOMBRE, HI_FECNAC, HI_DIRECC, HI_FULTAT, HI_NDOCUM, HI_ESTCIV, HI_AMCTLPR) 
VALUES ('391', '4208261GLHMA000', 'GUILLEN HUAMAN ADRIAN', to_date('08/26/1942', 'MM/DD/RR'), 'AA.HH VILLA SANM-IL-01', to_date('10/10/2017', 'MM/DD/RR'), 7979202.0, 'S', 1579930.0);

INSERT INTO ESSALUD (HI_NREG, HI_AUTASE, HI_NOMBRE, HI_FECNAC, HI_DIRECC, HI_FULTAT, HI_NDOCUM, HI_ESTCIV, HI_AMCTLPR) 
VALUES ('393', '4112131CDOEN007', 'CORDOVA ORTEGA NICASIO LEONCIO', to_date('12/13/1941', 'MM/DD/RR'), 'JR  AREQUIPA NRO 641S/NRAUL PORRAS', to_date('09/13/2017', 'MM/DD/RR'), 6827510.0, 'C', 1461021.0);

INSERT INTO ESSALUD (HI_NREG, HI_AUTASE, HI_NOMBRE, HI_FECNAC, HI_DIRECC, HI_FULTAT, HI_NDOCUM, HI_ESTCIV, HI_AMCTLPR) 
VALUES ('394', '4708240FNFRA006', 'FUENTES FLORES DE ORTIZ AUREA', to_date('08/24/1947', 'MM/DD/RR'), 'JR LAS ORQUIDEAS/NSTA ISABEL', to_date('03/26/2018', 'MM/DD/RR'), 6829615.0, 'C', 1672200.0);

INSERT INTO ESSALUD (HI_NREG, HI_AUTASE, HI_NOMBRE, HI_FECNAC, HI_DIRECC, HI_FULTAT, HI_NDOCUM, HI_ESTCIV, HI_AMCTLPR) 
VALUES ('395', '4111101CNCQO004', 'CORNEJO CARQUIN ORLANDO', to_date('11/10/1941', 'MM/DD/RR'), 'M.PARADO DE BEL592', to_date('11/22/2017', 'MM/DD/RR'), 9172283.0, 'C', 1426882.0);

INSERT INTO ESSALUD (HI_NREG, HI_AUTASE, HI_NOMBRE, HI_FECNAC, HI_DIRECC, HI_FULTAT, HI_NDOCUM, HI_ESTCIV, HI_AMCTLPR) 
VALUES ('396', '4206111ZIEIS005', 'ZUÑIGA ESPINOZA SEGUNDO ALEJANDRO', to_date('06/11/1942', 'MM/DD/RR'), 'PROLO JOSE PARDOMZ SLT5AAHH EL HORIZON', to_date('03/28/2018', 'MM/DD/RR'), 9171400.0, 'S', 1645173.0);

INSERT INTO ESSALUD (HI_NREG, HI_AUTASE, HI_NOMBRE, HI_FECNAC, HI_DIRECC, HI_FULTAT, HI_NDOCUM, HI_ESTCIV, HI_AMCTLPR) 
VALUES ('397', '4211061TPBRL007', 'TAIPE BARRIENTOS LUCAS', to_date('11/06/1942', 'MM/DD/RR'), 'JR.ARICA241PPJJVILLA ESPERANZA', to_date('03/28/2018', 'MM/DD/RR'), 6821482.0, 'C', 1624020.0);

INSERT INTO ESSALUD (HI_NREG, HI_AUTASE, HI_NOMBRE, HI_FECNAC, HI_DIRECC, HI_FULTAT, HI_NDOCUM, HI_ESTCIV, HI_AMCTLPR) 
VALUES ('399', '4211011OVMOB008', 'OLIVAREZ MUNOZ BENIGNO', to_date('11/01/1942', 'MM/DD/RR'), 'AV TUPAC AMARU 338 BELLO HORIZONTE', to_date('06/10/2015', 'MM/DD/RR'), 6822900.0, 'C', 941756.0);

INSERT INTO ESSALUD (HI_NREG, HI_AUTASE, HI_NOMBRE, HI_FECNAC, HI_DIRECC, HI_FULTAT, HI_NDOCUM, HI_ESTCIV, HI_AMCTLPR) 
VALUES ('400', '4112310SOAIM001', 'SOTO AQUINO DE OLIVARES MELANIA', to_date('12/31/1941', 'MM/DD/RR'), 'AV TUPAC AMARU388BELLO HORIZONTE', to_date('12/27/2014', 'MM/DD/RR'), 6822903.0, 'C', 968889.0);

INSERT INTO ESSALUD (HI_NREG, HI_AUTASE, HI_NOMBRE, HI_FECNAC, HI_DIRECC, HI_FULTAT, HI_NDOCUM, HI_ESTCIV, HI_AMCTLPR) 
VALUES ('401', '4212301TRORH003', 'TORRES OTERO HILDO', to_date('12/30/1942', 'MM/DD/RR'), 'JR PERU200LA FLOR', to_date('03/31/2018', 'MM/DD/RR'), 6827014.0, 'C', 1588198.0);

INSERT INTO ESSALUD (HI_NREG, HI_AUTASE, HI_NOMBRE, HI_FECNAC, HI_DIRECC, HI_FULTAT, HI_NDOCUM, HI_ESTCIV, HI_AMCTLPR) 
VALUES ('402', '4301100HMAIG003', 'HUAMAN AGUILAR GUILLERMIN JUANA', to_date('01/10/1943', 'MM/DD/RR'), 'SANTA ISABELB-3', to_date('04/03/2017', 'MM/DD/RR'), 6834704.0, 'C', 1460645.0);

INSERT INTO ESSALUD (HI_NREG, HI_AUTASE, HI_NOMBRE, HI_FECNAC, HI_DIRECC, HI_FULTAT, HI_NDOCUM, HI_ESTCIV, HI_AMCTLPR) 
VALUES ('404', '4501090EIMLD009', 'ESPINOZA MILLA VDA DE GUTIERR DELIA FORT', to_date('01/09/1945', 'MM/DD/RR'), 'AV L MZ E1 LT 1S/NSTO DOMINGO', to_date('03/31/2018', 'MM/DD/RR'), 9018152.0, 'S', 1147109.0);

INSERT INTO ESSALUD (HI_NREG, HI_AUTASE, HI_NOMBRE, HI_FECNAC, HI_DIRECC, HI_FULTAT, HI_NDOCUM, HI_ESTCIV, HI_AMCTLPR) 
VALUES ('405', '4303051YTOEE003', 'YACTAYO OLCESE EDUARDO NICANOR', to_date('03/05/1943', 'MM/DD/RR'), 'AV CAUDIVILLA351501ENACE', to_date('08/28/2017', 'MM/DD/RR'), 6220572.0, 'C', 1249668.0);

INSERT INTO ESSALUD (HI_NREG, HI_AUTASE, HI_NOMBRE, HI_FECNAC, HI_DIRECC, HI_FULTAT, HI_NDOCUM, HI_ESTCIV, HI_AMCTLPR) 
VALUES ('407', '4304081FCVAM002', 'FALCON VIDAL MAXIMO', to_date('04/08/1943', 'MM/DD/RR'), 'ANDRES AVELINO CACER221', to_date('02/15/2018', 'MM/DD/RR'), 7082731.0, 'C', NULL);

INSERT INTO ESSALUD (HI_NREG, HI_AUTASE, HI_NOMBRE, HI_FECNAC, HI_DIRECC, HI_FULTAT, HI_NDOCUM, HI_ESTCIV, HI_AMCTLPR) 
VALUES ('412', '4703160BACAE000', 'BADARACO CAMACHO DE ORBEZO EDILBERTA', to_date('03/16/1947', 'MM/DD/RR'), 'ASEN H 30 DE MAYOmzj1lt02', to_date('02/01/2018', 'MM/DD/RR'), 1.0400783E7, 'C', 1608666.0);

INSERT INTO ESSALUD (HI_NREG, HI_AUTASE, HI_NOMBRE, HI_FECNAC, HI_DIRECC, HI_FULTAT, HI_NDOCUM, HI_ESTCIV, HI_AMCTLPR) 
VALUES ('413', '4307041AASCR006', 'ALTAMIRANO SANCHEZ ROMULO', to_date('07/04/1943', 'MM/DD/RR'), 'NO INFS/N', to_date('12/12/2016', 'MM/DD/RR'), 9173318.0, 'S', NULL);

INSERT INTO ESSALUD (HI_NREG, HI_AUTASE, HI_NOMBRE, HI_FECNAC, HI_DIRECC, HI_FULTAT, HI_NDOCUM, HI_ESTCIV, HI_AMCTLPR) 
VALUES ('414', '4307130QCCTM000', 'QUICHIZ CASTANEDA MARIA', to_date('07/13/1943', 'MM/DD/RR'), 'JR LAS ORQUIDEAS 373 STA ISABEL', to_date('09/29/2017', 'MM/DD/RR'), 9400120.0, 'C', 1582030.0);

INSERT INTO ESSALUD (HI_NREG, HI_AUTASE, HI_NOMBRE, HI_FECNAC, HI_DIRECC, HI_FULTAT, HI_NDOCUM, HI_ESTCIV, HI_AMCTLPR) 
VALUES ('416', '4308250ZAZAL007', 'ZAPANA ZAPANA DE REYES LUISA REGINALDA', to_date('08/25/1943', 'MM/DD/RR'), 'AA ANDRES A CAC480', to_date('03/13/2018', 'MM/DD/RR'), 6819292.0, 'C', 1487804.0);

INSERT INTO ESSALUD (HI_NREG, HI_AUTASE, HI_NOMBRE, HI_FECNAC, HI_DIRECC, HI_FULTAT, HI_NDOCUM, HI_ESTCIV, HI_AMCTLPR) 
VALUES ('418', '4909180CMMTC000', 'CHUMACERO MONTALBAN CARMEN', to_date('09/18/1949', 'MM/DD/RR'), 'CALLE 1 MZ K1 LT 21 URB LUCYANA', to_date('03/09/2018', 'MM/DD/RR'), 9400650.0, 'C', 1539533.0);

INSERT INTO ESSALUD (HI_NREG, HI_AUTASE, HI_NOMBRE, HI_FECNAC, HI_DIRECC, HI_FULTAT, HI_NDOCUM, HI_ESTCIV, HI_AMCTLPR) 
VALUES ('419', '5603010CNANE008', 'DE LA CERNA ACUNA DE PRINCIPE EUDOCIA', to_date('03/01/1956', 'MM/DD/RR'), 'JR JOSE OLAYA540R P BARRENECHEA', to_date('05/20/2017', 'MM/DD/RR'), 6821642.0, 'C', NULL);

INSERT INTO ESSALUD (HI_NREG, HI_AUTASE, HI_NOMBRE, HI_FECNAC, HI_DIRECC, HI_FULTAT, HI_NDOCUM, HI_ESTCIV, HI_AMCTLPR) 
VALUES ('420', '4707160ZALES003', 'ZABARBURU LOPEZ SALOME DEL CARMEN', to_date('07/16/1947', 'MM/DD/RR'), 'JR CHICLAYO 231 EL PROGRESO', to_date('02/28/2018', 'MM/DD/RR'), 6836365.0, 'S', 1455215.0);

INSERT INTO ESSALUD (HI_NREG, HI_AUTASE, HI_NOMBRE, HI_FECNAC, HI_DIRECC, HI_FULTAT, HI_NDOCUM, HI_ESTCIV, HI_AMCTLPR) 
VALUES ('421', '4310241LVLNL006', 'LEYVA LEON LUDGARDO', to_date('10/24/1943', 'MM/DD/RR'), 'LOS GERANIOSS/N', to_date('02/13/2018', 'MM/DD/RR'), 9545706.0, 'C', 1575545.0);

INSERT INTO ESSALUD (HI_NREG, HI_AUTASE, HI_NOMBRE, HI_FECNAC, HI_DIRECC, HI_FULTAT, HI_NDOCUM, HI_ESTCIV, HI_AMCTLPR) 
VALUES ('422', '4310240SVLEE007', 'SILVA LOPEZ ESTHER', to_date('10/24/1943', 'MM/DD/RR'), 'RAMON CASTILLA 369 RAUL PORRAS BARRENECHEA', to_date('04/03/2018', 'MM/DD/RR'), 6831155.0, 'S', 1488934.0);

INSERT INTO ESSALUD (HI_NREG, HI_AUTASE, HI_NOMBRE, HI_FECNAC, HI_DIRECC, HI_FULTAT, HI_NDOCUM, HI_ESTCIV, HI_AMCTLPR) 
VALUES ('423', '5104110ZTGAF001', 'ZENTENO GILARI DE LEIVA FELICITA', to_date('04/11/1951', 'MM/DD/RR'), 'JR LOS GERANIOS271EL PROGRESO', to_date('02/13/2018', 'MM/DD/RR'), 9229172.0, 'C', 1575543.0);

INSERT INTO ESSALUD (HI_NREG, HI_AUTASE, HI_NOMBRE, HI_FECNAC, HI_DIRECC, HI_FULTAT, HI_NDOCUM, HI_ESTCIV, HI_AMCTLPR) 
VALUES ('425', '4311111FRLSJ008', 'FLORES LISSON JOSE MARIA', to_date('11/11/1943', 'MM/DD/RR'), 'MZ-I LT-16 URB LAS NUSTAS', to_date('11/08/2017', 'MM/DD/RR'), 9227499.0, 'S', 1366288.0);

INSERT INTO ESSALUD (HI_NREG, HI_AUTASE, HI_NOMBRE, HI_FECNAC, HI_DIRECC, HI_FULTAT, HI_NDOCUM, HI_ESTCIV, HI_AMCTLPR) 
VALUES ('426', '4312130AULRL006', 'ATAUQUE LAURA DE HUAYANAY LUCIA', to_date('12/13/1943', 'MM/DD/RR'), 'AV. TUPAC AMARU204KM15BELLO HORIZONTE', to_date('11/23/2016', 'MM/DD/RR'), 6826418.0, 'C', 1399270.0);

INSERT INTO ESSALUD (HI_NREG, HI_AUTASE, HI_NOMBRE, HI_FECNAC, HI_DIRECC, HI_FULTAT, HI_NDOCUM, HI_ESTCIV, HI_AMCTLPR) 
VALUES ('427', '4305041DGLYP002', 'DELGADO LOAYZA PORFIRIO', to_date('05/04/1943', 'MM/DD/RR'), 'MIL AMORES157STA. ISABEL', to_date('12/21/2017', 'MM/DD/RR'), 6836156.0, 'S', 1423779.0);

INSERT INTO ESSALUD (HI_NREG, HI_AUTASE, HI_NOMBRE, HI_FECNAC, HI_DIRECC, HI_FULTAT, HI_NDOCUM, HI_ESTCIV, HI_AMCTLPR) 
VALUES ('431', '4402150DNCEL007', 'DUEÑAS CACERES LILANDA', to_date('02/15/1944', 'MM/DD/RR'), 'PROL SAMANEZ OCS/N', to_date('03/06/2018', 'MM/DD/RR'), 6821153.0, 'S', 1545190.0);

INSERT INTO ESSALUD (HI_NREG, HI_AUTASE, HI_NOMBRE, HI_FECNAC, HI_DIRECC, HI_FULTAT, HI_NDOCUM, HI_ESTCIV, HI_AMCTLPR) 
VALUES ('432', '4402190GNNAB008', 'GRANDEZ NAVARRO DE BARBA BEATRIZ', to_date('02/19/1944', 'MM/DD/RR'), 'JR.LOS SAUCES MS/NT.15 P.JOVEN EL', to_date('04/03/2018', 'MM/DD/RR'), 6830875.0, 'C', 1452298.0);

INSERT INTO ESSALUD (HI_NREG, HI_AUTASE, HI_NOMBRE, HI_FECNAC, HI_DIRECC, HI_FULTAT, HI_NDOCUM, HI_ESTCIV, HI_AMCTLPR) 
VALUES ('433', '5211200HMLOS006', 'HUAMAN LAZON SUSANA', to_date('11/20/1952', 'MM/DD/RR'), 'JR JOSE ABELARDO QUINONES 135 LUCYANA', to_date('03/19/2018', 'MM/DD/RR'), 1.0403754E7, 'C', 1525337.0);

INSERT INTO ESSALUD (HI_NREG, HI_AUTASE, HI_NOMBRE, HI_FECNAC, HI_DIRECC, HI_FULTAT, HI_NDOCUM, HI_ESTCIV, HI_AMCTLPR) 
VALUES ('435', '4406031AIGIG004', 'AGUILAR GUTIERREZ GUSTAVO', to_date('06/03/1944', 'MM/DD/RR'), 'LOS CARDOS  191STA ISABEL', to_date('03/16/2018', 'MM/DD/RR'), 6824330.0, 'C', 1400639.0);

INSERT INTO ESSALUD (HI_NREG, HI_AUTASE, HI_NOMBRE, HI_FECNAC, HI_DIRECC, HI_FULTAT, HI_NDOCUM, HI_ESTCIV, HI_AMCTLPR) 
VALUES ('436', '4909220QSLAD007', 'QUISPE LAVADO DE AGUILAR DIGNA EMERITA', to_date('09/22/1949', 'MM/DD/RR'), 'LOS CARDOS191STA ISABEL', to_date('03/28/2018', 'MM/DD/RR'), 6824331.0, 'C', 1546599.0);

INSERT INTO ESSALUD (HI_NREG, HI_AUTASE, HI_NOMBRE, HI_FECNAC, HI_DIRECC, HI_FULTAT, HI_NDOCUM, HI_ESTCIV, HI_AMCTLPR) 
VALUES ('438', '4407171NAMTJ002', 'NAVARRO MONTALVO JOSE ALEJO', to_date('07/17/1944', 'MM/DD/RR'), 'INES PARCELMZ49LT03URB INES P', to_date('08/13/2014', 'MM/DD/RR'), 6181793.0, 'S', NULL);

INSERT INTO ESSALUD (HI_NREG, HI_AUTASE, HI_NOMBRE, HI_FECNAC, HI_DIRECC, HI_FULTAT, HI_NDOCUM, HI_ESTCIV, HI_AMCTLPR) 
VALUES ('439', '5002090AMCRH009', 'ARAMBURU CARRION DE NAVARRO HILDA VIRGIN', to_date('02/09/1950', 'MM/DD/RR'), 'URB. STA.INES PARCELA MZ.49 LT.03', to_date('01/05/2018', 'MM/DD/RR'), 6181896.0, 'C', 1559212.0);

INSERT INTO ESSALUD (HI_NREG, HI_AUTASE, HI_NOMBRE, HI_FECNAC, HI_DIRECC, HI_FULTAT, HI_NDOCUM, HI_ESTCIV, HI_AMCTLPR) 
VALUES ('441', '4409240CVCAM008', 'CALVET CHIANURA DE DIAZ MERCEDES', to_date('09/24/1944', 'MM/DD/RR'), 'JR SAN PEDRO DE455', to_date('03/27/2018', 'MM/DD/RR'), 6824158.0, 'C', 1631067.0);

INSERT INTO ESSALUD (HI_NREG, HI_AUTASE, HI_NOMBRE, HI_FECNAC, HI_DIRECC, HI_FULTAT, HI_NDOCUM, HI_ESTCIV, HI_AMCTLPR) 
VALUES ('442', '4411020PMFNG004', 'POEMAPE FUENTES DE PORTUGAL GLADIS EULAL', to_date('11/02/1944', 'MM/DD/RR'), 'AV SAN PEDRO DE CARA887EL PROGRESO', to_date('03/08/2018', 'MM/DD/RR'), 6820090.0, 'C', 1327508.0);

INSERT INTO ESSALUD (HI_NREG, HI_AUTASE, HI_NOMBRE, HI_FECNAC, HI_DIRECC, HI_FULTAT, HI_NDOCUM, HI_ESTCIV, HI_AMCTLPR) 
VALUES ('443', '5103280SIMID005', 'SORIANO MERINO DORALIZA M.', to_date('03/28/1951', 'MM/DD/RR'), 'MANUEL PRADO551553EL PROGRESO', to_date('02/28/2018', 'MM/DD/RR'), 6819960.0, 'C', 1435529.0);

INSERT INTO ESSALUD (HI_NREG, HI_AUTASE, HI_NOMBRE, HI_FECNAC, HI_DIRECC, HI_FULTAT, HI_NDOCUM, HI_ESTCIV, HI_AMCTLPR) 
VALUES ('447', '4411031LILIJ005', 'LIVIA LIVIA JULIO CESAR', to_date('11/03/1944', 'MM/DD/RR'), 'CALLE 19            MZB LT28', to_date('01/23/2018', 'MM/DD/RR'), 9171865.0, 'C', 1584712.0);

INSERT INTO ESSALUD (HI_NREG, HI_AUTASE, HI_NOMBRE, HI_FECNAC, HI_DIRECC, HI_FULTAT, HI_NDOCUM, HI_ESTCIV, HI_AMCTLPR) 
VALUES ('449', '4412011RRHVE009', 'RODRIGUEZ HERVACIO EUGENIO ALBERTO', to_date('12/01/1944', 'MM/DD/RR'), 'MOQUEGUA225', to_date('04/27/2016', 'MM/DD/RR'), 6833842.0, 'S', 1233169.0);

INSERT INTO ESSALUD (HI_NREG, HI_AUTASE, HI_NOMBRE, HI_FECNAC, HI_DIRECC, HI_FULTAT, HI_NDOCUM, HI_ESTCIV, HI_AMCTLPR) 
VALUES ('451', '4412221CDCSM004', 'CORDOVA CRISANTO MANUEL AUGUSTO', to_date('12/22/1944', 'MM/DD/RR'), 'CALLE 17 MZA N L 46 URB LUCYANA', to_date('03/16/2018', 'MM/DD/RR'), 6818633.0, 'C', 1408542.0);

INSERT INTO ESSALUD (HI_NREG, HI_AUTASE, HI_NOMBRE, HI_FECNAC, HI_DIRECC, HI_FULTAT, HI_NDOCUM, HI_ESTCIV, HI_AMCTLPR) 
VALUES ('452', '4501290RILAF004', 'RAMIREZ LEZAMA FRANCISCA', to_date('01/29/1945', 'MM/DD/RR'), 'MARIA PARADO DE BELL409', to_date('03/02/2018', 'MM/DD/RR'), 6829893.0, 'C', 1434560.0);

INSERT INTO ESSALUD (HI_NREG, HI_AUTASE, HI_NOMBRE, HI_FECNAC, HI_DIRECC, HI_FULTAT, HI_NDOCUM, HI_ESTCIV, HI_AMCTLPR) 
VALUES ('456', '4503020MERAG009', 'MORENO ROJAS DE ENRIQUEZ GENOVEVA EUDOSI', to_date('03/02/1945', 'MM/DD/RR'), 'RAMON CASTILLA297R P B', to_date('07/15/2015', 'MM/DD/RR'), 6823469.0, 'C', NULL);

INSERT INTO ESSALUD (HI_NREG, HI_AUTASE, HI_NOMBRE, HI_FECNAC, HI_DIRECC, HI_FULTAT, HI_NDOCUM, HI_ESTCIV, HI_AMCTLPR) 
VALUES ('457', '4503081VLQSJ000', 'VILLEGAS QUISPE JUAN CRISOSTOMO', to_date('03/08/1945', 'MM/DD/RR'), 'VILLA LE POLVORINmzclt12', to_date('03/28/2018', 'MM/DD/RR'), 9173688.0, 'C', 1466056.0);

INSERT INTO ESSALUD (HI_NREG, HI_AUTASE, HI_NOMBRE, HI_FECNAC, HI_DIRECC, HI_FULTAT, HI_NDOCUM, HI_ESTCIV, HI_AMCTLPR) 
VALUES ('458', '3604160RRVLM003', 'RODRIGUEZ VILLANUEVA DE MACHU MARIA CASI', to_date('04/16/1936', 'MM/DD/RR'), 'LOS CLAVELES110STA ISABEL', to_date('03/06/2018', 'MM/DD/RR'), 6831449.0, 'C', 1567805.0);

INSERT INTO ESSALUD (HI_NREG, HI_AUTASE, HI_NOMBRE, HI_FECNAC, HI_DIRECC, HI_FULTAT, HI_NDOCUM, HI_ESTCIV, HI_AMCTLPR) 
VALUES ('459', '4503281PTYAF001', 'PORTAL YUPANQUI FRANCISCO FORTUNATO', to_date('03/28/1945', 'MM/DD/RR'), 'AV.SAN MARTIN # 490 URB.STA.ISABEL', to_date('08/10/2017', 'MM/DD/RR'), 9172912.0, 'S', 1422759.0);

INSERT INTO ESSALUD (HI_NREG, HI_AUTASE, HI_NOMBRE, HI_FECNAC, HI_DIRECC, HI_FULTAT, HI_NDOCUM, HI_ESTCIV, HI_AMCTLPR) 
VALUES ('461', '4503290BNCHL005', 'BUENDIA ORE DE CARHUANCHO LIDIA', to_date('03/29/1945', 'MM/DD/RR'), 'JR.FELIPE MENDI238TUNGASUCA', to_date('03/21/2018', 'MM/DD/RR'), 9170600.0, 'S', 1680211.0);

INSERT INTO ESSALUD (HI_NREG, HI_AUTASE, HI_NOMBRE, HI_FECNAC, HI_DIRECC, HI_FULTAT, HI_NDOCUM, HI_ESTCIV, HI_AMCTLPR) 
VALUES ('462', '4503311ZUCNR005', 'ZAMUDIO CERNA ROBERTO', to_date('03/31/1945', 'MM/DD/RR'), 'PSJE.BETAK-404', to_date('03/09/2018', 'MM/DD/RR'), 6822795.0, 'C', 1563202.0);

INSERT INTO ESSALUD (HI_NREG, HI_AUTASE, HI_NOMBRE, HI_FECNAC, HI_DIRECC, HI_FULTAT, HI_NDOCUM, HI_ESTCIV, HI_AMCTLPR) 
VALUES ('465', '4506060SARAG003', 'SOSA ROSALES GUILLERMA CLAUDIA', to_date('06/06/1945', 'MM/DD/RR'), 'JR.3 DE OCTUBRES/N3PJ.INDOAMERICA', to_date('02/23/2018', 'MM/DD/RR'), 9228697.0, 'S', 1540756.0);

INSERT INTO ESSALUD (HI_NREG, HI_AUTASE, HI_NOMBRE, HI_FECNAC, HI_DIRECC, HI_FULTAT, HI_NDOCUM, HI_ESTCIV, HI_AMCTLPR) 
VALUES ('466', '4506110LNPSN008', 'LEON PLASENCIA NILA VICTORIA', to_date('06/11/1945', 'MM/DD/RR'), 'JR. MOQUEGUA N.400S/N', to_date('09/03/2014', 'MM/DD/RR'), 6827347.0, 'S', 236646.0);

INSERT INTO ESSALUD (HI_NREG, HI_AUTASE, HI_NOMBRE, HI_FECNAC, HI_DIRECC, HI_FULTAT, HI_NDOCUM, HI_ESTCIV, HI_AMCTLPR) 
VALUES ('467', '8209060INLOM006', 'IBAÑEZ LUZON MARINA IRENE', to_date('09/06/1982', 'MM/DD/RR'), 'PROL A.AVELINO397EL PROGRESO', to_date('09/23/2015', 'MM/DD/RR'), 4.1538685E7, 'S', 1129703.0);

INSERT INTO ESSALUD (HI_NREG, HI_AUTASE, HI_NOMBRE, HI_FECNAC, HI_DIRECC, HI_FULTAT, HI_NDOCUM, HI_ESTCIV, HI_AMCTLPR) 
VALUES ('468', '4506180LOAEF007', 'LUZON ALBERCA DE IBANEZ FERMINA', to_date('06/18/1945', 'MM/DD/RR'), 'PRG A A CACERES347EL PROGRESO II', to_date('10/07/2017', 'MM/DD/RR'), 6822011.0, 'C', 1456602.0);

INSERT INTO ESSALUD (HI_NREG, HI_AUTASE, HI_NOMBRE, HI_FECNAC, HI_DIRECC, HI_FULTAT, HI_NDOCUM, HI_ESTCIV, HI_AMCTLPR) 
VALUES ('469', '5001210ASSNT002', 'ACOSTA SAENZ TERESA YNES', to_date('01/21/1950', 'MM/DD/RR'), 'LOS TUMISB33TUNGASUCA', to_date('12/21/2017', 'MM/DD/RR'), 9228296.0, 'C', 1590043.0);

INSERT INTO ESSALUD (HI_NREG, HI_AUTASE, HI_NOMBRE, HI_FECNAC, HI_DIRECC, HI_FULTAT, HI_NDOCUM, HI_ESTCIV, HI_AMCTLPR) 
VALUES ('471', '4307241VAYEV001', 'VEGA YAÑEZ VICTOR MANUEL', to_date('07/24/1943', 'MM/DD/RR'), 'CALLE PUNO 340 P JOVS/NEN LA FLOR DE C', to_date('08/19/2013', 'MM/DD/RR'), 9227162.0, 'C', NULL);

INSERT INTO ESSALUD (HI_NREG, HI_AUTASE, HI_NOMBRE, HI_FECNAC, HI_DIRECC, HI_FULTAT, HI_NDOCUM, HI_ESTCIV, HI_AMCTLPR) 
VALUES ('472', '4706250PESAG001', 'PAREDES SOPAN DE DIAZ GUILLERMA', to_date('06/25/1947', 'MM/DD/RR'), 'JR.VARGAS MACHUCA113PJ.EL PROGRESO', to_date('12/11/2014', 'MM/DD/RR'), 6822184.0, 'C', 842524.0);

INSERT INTO ESSALUD (HI_NREG, HI_AUTASE, HI_NOMBRE, HI_FECNAC, HI_DIRECC, HI_FULTAT, HI_NDOCUM, HI_ESTCIV, HI_AMCTLPR) 
VALUES ('473', '4508090PTVQF009', 'PONTE VASQUEZ FILOMENA', to_date('08/09/1945', 'MM/DD/RR'), 'TUPAC AMARU345', to_date('03/05/2015', 'MM/DD/RR'), 6824341.0, 'S', 316223.0);

INSERT INTO ESSALUD (HI_NREG, HI_AUTASE, HI_NOMBRE, HI_FECNAC, HI_DIRECC, HI_FULTAT, HI_NDOCUM, HI_ESTCIV, HI_AMCTLPR) 
VALUES ('476', '4509291GLHMM000', 'GUILLEN HUAMAN MIGUEL GRIMALDO', to_date('09/29/1945', 'MM/DD/RR'), 'XXXXS/N', to_date('12/15/2017', 'MM/DD/RR'), 6827292.0, 'C', 1601450.0);

INSERT INTO ESSALUD (HI_NREG, HI_AUTASE, HI_NOMBRE, HI_FECNAC, HI_DIRECC, HI_FULTAT, HI_NDOCUM, HI_ESTCIV, HI_AMCTLPR) 
VALUES ('477', '4510051ANTAO005', 'AÑANCA TUTAYA OCTAVIO', to_date('10/05/1945', 'MM/DD/RR'), 'JR. ALFONSO UGA180', to_date('08/09/2017', 'MM/DD/RR'), 9228840.0, 'C', 1330515.0);

INSERT INTO ESSALUD (HI_NREG, HI_AUTASE, HI_NOMBRE, HI_FECNAC, HI_DIRECC, HI_FULTAT, HI_NDOCUM, HI_ESTCIV, HI_AMCTLPR) 
VALUES ('480', '4511121ANVAC006', 'ASENCIO VELASQUEZ CLAUDIO', to_date('11/12/1945', 'MM/DD/RR'), 'NO INFS/N', to_date('12/13/2017', 'MM/DD/RR'), 9173801.0, 'C', 1358160.0);
-------------------------------------------------------

-------INSERTAR MEDICOS--------------------------------
INSERT INTO MEDICOS (ID_MEDICO, NOM_MEDICO, ESPE_MEDICO) 
VALUES ('15562', 'AGUIRRE CHAVEZ JULIO CESAR GODO', 'MEDICINA GENERAL');

INSERT INTO MEDICOS (ID_MEDICO, NOM_MEDICO, ESPE_MEDICO) 
VALUES ('47756', 'AMES SANCHEZ LUIS OMAR', 'MEDICINA GENERAL');

INSERT INTO MEDICOS (ID_MEDICO, NOM_MEDICO, ESPE_MEDICO) 
VALUES ('32937', 'ANGELES COCHA ELIANA OLIVIA', 'MEDICINA GENERAL');

INSERT INTO MEDICOS (ID_MEDICO, NOM_MEDICO, ESPE_MEDICO) 
VALUES ('43871', 'ANGULO MERCADO SANTIAGO DARIO', 'MEDICINA GENERAL');

INSERT INTO MEDICOS (ID_MEDICO, NOM_MEDICO, ESPE_MEDICO) 
VALUES ('68476', 'APARI CUEVA EDSON ALBERT', 'MEDICINA GENERAL');

INSERT INTO MEDICOS (ID_MEDICO, NOM_MEDICO, ESPE_MEDICO) 
VALUES ('45994', 'ARENAS ROJAS LUIS ARTURO', 'MEDICINA GENERAL');

INSERT INTO MEDICOS (ID_MEDICO, NOM_MEDICO, ESPE_MEDICO) 
VALUES ('47111', 'ASCARRUZ RAMIREZ HAYDEE', 'MEDICINA GENERAL');

INSERT INTO MEDICOS (ID_MEDICO, NOM_MEDICO, ESPE_MEDICO) 
VALUES ('73787', 'BULEJE VARGAS EDWARD FERNANDO', 'MEDICINA GENERAL');

INSERT INTO MEDICOS (ID_MEDICO, NOM_MEDICO, ESPE_MEDICO) 
VALUES ('37472', 'CAMASCA VARGAS CLAUDIO', 'MEDICINA GENERAL');

INSERT INTO MEDICOS (ID_MEDICO, NOM_MEDICO, ESPE_MEDICO) 
VALUES ('47469', 'CANCHOS GUTIERREZ JUAN', 'MEDICINA GENERAL');

INSERT INTO MEDICOS (ID_MEDICO, NOM_MEDICO, ESPE_MEDICO) 
VALUES ('29972', 'CARO ROJAS GISELLE', 'MEDICINA GENERAL');

INSERT INTO MEDICOS (ID_MEDICO, NOM_MEDICO, ESPE_MEDICO) 
VALUES ('38055', 'CASAFRANCA BERNEDO LUIS - PAAD', 'MEDICINA GENERAL');

INSERT INTO MEDICOS (ID_MEDICO, NOM_MEDICO, ESPE_MEDICO) 
VALUES ('26780', 'CASAS SANCHEZ GUSTAVO', 'MEDICINA GENERAL');

INSERT INTO MEDICOS (ID_MEDICO, NOM_MEDICO, ESPE_MEDICO) 
VALUES ('7828', 'CASTANEDA AHUMADA AMERICO', 'MEDICINA GENERAL');

INSERT INTO MEDICOS (ID_MEDICO, NOM_MEDICO, ESPE_MEDICO) 
VALUES ('23791', 'CASTANEDA ORTIZ EDWING MANUEL', 'MEDICINA GENERAL');

INSERT INTO MEDICOS (ID_MEDICO, NOM_MEDICO, ESPE_MEDICO) 
VALUES ('41619', 'CASTANEDA POMEZ FERNANDO ANDRES', 'MEDICINA GENERAL');

INSERT INTO MEDICOS (ID_MEDICO, NOM_MEDICO, ESPE_MEDICO) 
VALUES ('31546', 'CASTILLO DELGADO MIGUEL ANGEL', 'MEDICINA GENERAL');

INSERT INTO MEDICOS (ID_MEDICO, NOM_MEDICO, ESPE_MEDICO) 
VALUES ('27959', 'CASTRO TAPIA JANE', 'MEDICINA GENERAL');

INSERT INTO MEDICOS (ID_MEDICO, NOM_MEDICO, ESPE_MEDICO) 
VALUES ('25658', 'CAVERO CERCEDO FRANKLIN', 'MEDICINA GENERAL');

INSERT INTO MEDICOS (ID_MEDICO, NOM_MEDICO, ESPE_MEDICO) 
VALUES ('47828', 'CCANTO AUCCAPUMA CONNETH SUSY', 'MEDICINA GENERAL');
-------------------------------------------------------

--------------INSERTAR PROG_MEDIC-----------------------
INSERT INTO PROG_MEDIC (FECHA, H_INICIO_1, H_FIN_1, H_INICIO_2, H_FIN_2, ID_MEDICO, CUPO_DISP) 
VALUES (to_date('05/28/2018', 'MM/DD/RR'), to_timestamp('08:00 AM', 'HH:MI AM'), to_timestamp('01:00 PM', 'HH:MI PM'), to_timestamp('02:00 PM', 'HH:MI PM'), to_timestamp('06:00 PM', 'HH:MI PM'), '15562', 27.0);

INSERT INTO PROG_MEDIC (FECHA, H_INICIO_1, H_FIN_1, H_INICIO_2, H_FIN_2, ID_MEDICO, CUPO_DISP) 
VALUES (to_date('05/28/2018', 'MM/DD/RR'), to_timestamp('08:00 AM', 'HH:MI AM'), to_timestamp('01:00 PM', 'HH:MI PM'), to_timestamp('02:00 PM', 'HH:MI PM'), to_timestamp('06:00 PM', 'HH:MI PM'), '47756', 27.0);

INSERT INTO PROG_MEDIC (FECHA, H_INICIO_1, H_FIN_1, H_INICIO_2, H_FIN_2, ID_MEDICO, CUPO_DISP) 
VALUES (to_date('05/28/2018', 'MM/DD/RR'), to_timestamp('08:00 AM', 'HH:MI AM'), to_timestamp('01:00 PM', 'HH:MI PM'), to_timestamp('02:00 PM', 'HH:MI PM'), to_timestamp('06:00 PM', 'HH:MI PM'), '32937', 27.0);

INSERT INTO PROG_MEDIC (FECHA, H_INICIO_1, H_FIN_1, H_INICIO_2, H_FIN_2, ID_MEDICO, CUPO_DISP) 
VALUES (to_date('05/29/2018', 'MM/DD/RR'), to_timestamp('08:00 AM', 'HH:MI AM'), to_timestamp('01:00 PM', 'HH:MI PM'), to_timestamp('02:00 PM', 'HH:MI PM'), to_timestamp('06:00 PM', 'HH:MI PM'), '43871', 27.0);

INSERT INTO PROG_MEDIC (FECHA, H_INICIO_1, H_FIN_1, H_INICIO_2, H_FIN_2, ID_MEDICO, CUPO_DISP) 
VALUES (to_date('05/29/2018', 'MM/DD/RR'), to_timestamp('08:00 AM', 'HH:MI AM'), to_timestamp('01:00 PM', 'HH:MI PM'), to_timestamp('02:00 PM', 'HH:MI PM'), to_timestamp('06:00 PM', 'HH:MI PM'), '68476', 27.0);

INSERT INTO PROG_MEDIC (FECHA, H_INICIO_1, H_FIN_1, H_INICIO_2, H_FIN_2, ID_MEDICO, CUPO_DISP) 
VALUES (to_date('05/29/2018', 'MM/DD/RR'), to_timestamp('08:00 AM', 'HH:MI AM'), to_timestamp('01:00 PM', 'HH:MI PM'), to_timestamp('02:00 PM', 'HH:MI PM'), to_timestamp('06:00 PM', 'HH:MI PM'), '45994', 27.0);

INSERT INTO PROG_MEDIC (FECHA, H_INICIO_1, H_FIN_1, H_INICIO_2, H_FIN_2, ID_MEDICO, CUPO_DISP) 
VALUES (to_date('05/30/2018', 'MM/DD/RR'), to_timestamp('08:00 AM', 'HH:MI AM'), to_timestamp('01:00 PM', 'HH:MI PM'), to_timestamp('02:00 PM', 'HH:MI PM'), to_timestamp('06:00 PM', 'HH:MI PM'), '47111', 27.0);

INSERT INTO PROG_MEDIC (FECHA, H_INICIO_1, H_FIN_1, H_INICIO_2, H_FIN_2, ID_MEDICO, CUPO_DISP) 
VALUES (to_date('05/30/2018', 'MM/DD/RR'), to_timestamp('08:00 AM', 'HH:MI AM'), to_timestamp('01:00 PM', 'HH:MI PM'), to_timestamp('02:00 PM', 'HH:MI PM'), to_timestamp('06:00 PM', 'HH:MI PM'), '73787', 27.0);

INSERT INTO PROG_MEDIC (FECHA, H_INICIO_1, H_FIN_1, H_INICIO_2, H_FIN_2, ID_MEDICO, CUPO_DISP) 
VALUES (to_date('05/30/2018', 'MM/DD/RR'), to_timestamp('08:00 AM', 'HH:MI AM'), to_timestamp('01:00 PM', 'HH:MI PM'), to_timestamp('02:00 PM', 'HH:MI PM'), to_timestamp('06:00 PM', 'HH:MI PM'), '37472', 27.0);

INSERT INTO PROG_MEDIC (FECHA, H_INICIO_1, H_FIN_1, H_INICIO_2, H_FIN_2, ID_MEDICO, CUPO_DISP) 
VALUES (to_date('05/31/2018', 'MM/DD/RR'), to_timestamp('08:00 AM', 'HH:MI AM'), to_timestamp('01:00 PM', 'HH:MI PM'), to_timestamp('02:00 PM', 'HH:MI PM'), to_timestamp('06:00 PM', 'HH:MI PM'), '47469', 27.0);

INSERT INTO PROG_MEDIC (FECHA, H_INICIO_1, H_FIN_1, H_INICIO_2, H_FIN_2, ID_MEDICO, CUPO_DISP) 
VALUES (to_date('05/31/2018', 'MM/DD/RR'), to_timestamp('08:00 AM', 'HH:MI AM'), to_timestamp('01:00 PM', 'HH:MI PM'), to_timestamp('02:00 PM', 'HH:MI PM'), to_timestamp('06:00 PM', 'HH:MI PM'), '29972', 27.0);

INSERT INTO PROG_MEDIC (FECHA, H_INICIO_1, H_FIN_1, H_INICIO_2, H_FIN_2, ID_MEDICO, CUPO_DISP) 
VALUES (to_date('05/31/2018', 'MM/DD/RR'), to_timestamp('08:00 AM', 'HH:MI AM'), to_timestamp('01:00 PM', 'HH:MI PM'), to_timestamp('02:00 PM', 'HH:MI PM'), to_timestamp('06:00 PM', 'HH:MI PM'), '38055', 27.0);

INSERT INTO PROG_MEDIC (FECHA, H_INICIO_1, H_FIN_1, H_INICIO_2, H_FIN_2, ID_MEDICO, CUPO_DISP) 
VALUES (to_date('06/01/2018', 'MM/DD/RR'), to_timestamp('08:00 AM', 'HH:MI AM'), to_timestamp('01:00 PM', 'HH:MI PM'), to_timestamp('02:00 PM', 'HH:MI PM'), to_timestamp('06:00 PM', 'HH:MI PM'), '26780', 27.0);

INSERT INTO PROG_MEDIC (FECHA, H_INICIO_1, H_FIN_1, H_INICIO_2, H_FIN_2, ID_MEDICO, CUPO_DISP) 
VALUES (to_date('06/01/2018', 'MM/DD/RR'), to_timestamp('08:00 AM', 'HH:MI AM'), to_timestamp('01:00 PM', 'HH:MI PM'), to_timestamp('02:00 PM', 'HH:MI PM'), to_timestamp('06:00 PM', 'HH:MI PM'), '7828', 27.0);

INSERT INTO PROG_MEDIC (FECHA, H_INICIO_1, H_FIN_1, H_INICIO_2, H_FIN_2, ID_MEDICO, CUPO_DISP) 
VALUES (to_date('06/01/2018', 'MM/DD/RR'), to_timestamp('08:00 AM', 'HH:MI AM'), to_timestamp('01:00 PM', 'HH:MI PM'), to_timestamp('02:00 PM', 'HH:MI PM'), to_timestamp('06:00 PM', 'HH:MI PM'), '23791', 27.0);

INSERT INTO PROG_MEDIC (FECHA, H_INICIO_1, H_FIN_1, H_INICIO_2, H_FIN_2, ID_MEDICO, CUPO_DISP) 
VALUES (to_date('06/02/2018', 'MM/DD/RR'), to_timestamp('08:00 AM', 'HH:MI AM'), to_timestamp('01:00 PM', 'HH:MI PM'), to_timestamp('02:00 PM', 'HH:MI PM'), to_timestamp('06:00 PM', 'HH:MI PM'), '41619', 27.0);

INSERT INTO PROG_MEDIC (FECHA, H_INICIO_1, H_FIN_1, H_INICIO_2, H_FIN_2, ID_MEDICO, CUPO_DISP) 
VALUES (to_date('06/02/2018', 'MM/DD/RR'), to_timestamp('08:00 AM', 'HH:MI AM'), to_timestamp('01:00 PM', 'HH:MI PM'), to_timestamp('02:00 PM', 'HH:MI PM'), to_timestamp('06:00 PM', 'HH:MI PM'), '31546', 27.0);

INSERT INTO PROG_MEDIC (FECHA, H_INICIO_1, H_FIN_1, H_INICIO_2, H_FIN_2, ID_MEDICO, CUPO_DISP) 
VALUES (to_date('06/02/2018', 'MM/DD/RR'), to_timestamp('08:00 AM', 'HH:MI AM'), to_timestamp('01:00 PM', 'HH:MI PM'), to_timestamp('02:00 PM', 'HH:MI PM'), to_timestamp('06:00 PM', 'HH:MI PM'), '27959', 27.0);

INSERT INTO PROG_MEDIC (FECHA, H_INICIO_1, H_FIN_1, H_INICIO_2, H_FIN_2, ID_MEDICO, CUPO_DISP) 
VALUES (to_date('06/03/2018', 'MM/DD/RR'), to_timestamp('08:00 AM', 'HH:MI AM'), to_timestamp('01:00 PM', 'HH:MI PM'), to_timestamp('02:00 PM', 'HH:MI PM'), to_timestamp('06:00 PM', 'HH:MI PM'), '25658', 27.0);

INSERT INTO PROG_MEDIC (FECHA, H_INICIO_1, H_FIN_1, H_INICIO_2, H_FIN_2, ID_MEDICO, CUPO_DISP) 
VALUES (to_date('06/03/2018', 'MM/DD/RR'), to_timestamp('08:00 AM', 'HH:MI AM'), to_timestamp('01:00 PM', 'HH:MI PM'), to_timestamp('02:00 PM', 'HH:MI PM'), to_timestamp('06:00 PM', 'HH:MI PM'), '47828', 27.0);

---------------------------------------------------------



----------INSERTAR DATOS A LA TABLA PERFIL------------ 
	INSERT INTO PERFIL (ID_PERFIL, DES_PERFIL) 
	VALUES (1,'ADMINISTRADOR');

	INSERT INTO PERFIL (ID_PERFIL, DES_PERFIL) 
	VALUES (2,'EDITOR');

	INSERT INTO PERFIL (ID_PERFIL, DES_PERFIL) 
	VALUES (3,'USUARIO');

----------INSERTAR DATOS A LA TABLA USU------------ 
	INSERT INTO USU (ID_USU, NOMBRE, CONTRA, ID_PERFIL) 
	VALUES ('00001','ADOLFO','ADMIN',1);

	INSERT INTO USU (ID_USU, NOMBRE, CONTRA, ID_PERFIL) 
	VALUES ('00002','JOSE','EDITOR',2);

	INSERT INTO USU (ID_USU, NOMBRE, CONTRA, ID_PERFIL) 
	VALUES ('00003','VALENTIN','EDITOR',2);
--------------------------------------------------
    COMMIT;
-----SELECT DE LAS TABLAS-------------------------------
   /* SELECT * FROM ESSALUD;
    SELECT * FROM PERFIL;
    SELECT * FROM USU;
    SELECT * FROM MEDICOS;
    SELECT * FROM PROG_MEDIC;*/
---------------------------------------------------------